TARGETID,BRICKNAME,removed_objids,added_objids,n_sources_changed,verdict,inspected,comment,toggle_disabled,infill_masked,timestamp,inspector
39627255994910502,0866m225,,,0,remove,1,,0,1,2026-06-25T03:34:52Z,
39627340401087749,0570m187,,,0,remove,1,,0,1,2026-06-25T03:35:59Z,
39627346235365896,0635m185,,,0,remove,1,,0,1,2026-06-25T03:34:44Z,
39627351293690269,0208m182,,,0,accept,1,,0,1,2026-06-25T03:34:58Z,
39627351310472990,0219m182,,,0,unsure,1,,0,1,2026-06-25T03:35:31Z,
39627351843146112,0553m182,,,0,accept,1,,0,1,2026-06-25T03:34:35Z,
39627380226004826,0280m170,,,0,remove,1,merger,0,1,2026-06-25T03:34:31Z,
39627385888317457,0207m167,,,0,accept,1,,0,1,2026-06-25T03:36:00Z,
39627385984778462,0267m167,0,,1,accept,1,,0,1,2026-06-25T03:35:40Z,
39627392326573946,0610m165,0;7,,2,accept,1,,0,1,2026-06-25T03:34:21Z,
39627403282095298,0209m160,,,0,accept,1,,0,1,2026-06-25T03:34:33Z,
39627403282095365,0209m160,,,0,accept,1,,0,1,2026-06-25T03:34:36Z,
39627403688938698,0461m160,,,0,accept,1,,0,1,2026-06-25T03:36:29Z,
39627409678405366,0569m157,1;5;7;8,,4,accept,1,,0,1,2026-06-25T03:42:01Z,
39627421414069413,0619m152,,,0,unsure,1,,0,1,2026-06-25T03:36:09Z,
39627426581450605,0205m150,13,,1,accept,1,,0,1,2026-06-25T03:36:50Z,
39627426979909077,0451m150,,,0,accept,1,,0,1,2026-06-25T03:36:14Z,
39627427302872186,0650m150,,,0,accept,1,,0,1,2026-06-25T03:36:16Z,
39627432436701835,0215m147,,,0,remove,1,merger,0,1,2026-06-25T03:36:35Z,
39627433078427815,0610m147,0,,1,accept,1,,0,1,2026-06-25T03:37:33Z,
39627433078427936,0610m147,0,,1,accept,1,,0,1,2026-06-25T03:37:23Z,
39627438275171518,0210m145,3;14;17,,3,unsure,1,,0,1,2026-06-25T03:37:16Z,
39627438308729430,0230m145,18,,1,unsure,1,,0,1,2026-06-25T03:39:39Z,
39627444415627484,0384m142,,,0,accept,1,,0,1,2026-06-25T03:39:04Z,
39627444558238904,0472m142,,,0,remove,1,,0,1,2026-06-25T03:41:21Z,
39627450287655780,0390m140,,,0,accept,1,,0,1,2026-06-25T03:42:15Z,
39627467643688789,0229m132,11,,1,accept,1,,0,1,2026-06-25T03:39:56Z,
39627467773708413,0308m132,,,0,accept,1,,0,1,2026-06-25T03:39:44Z,
39627468348330752,0660m132,,,0,accept,1,,0,1,2026-06-25T03:40:23Z,
39627472433579186,3157m132,,,0,accept,1,,0,1,2026-06-25T03:40:25Z,
39627473553465972,0242m130,,,0,accept,1,,0,1,2026-06-25T03:40:29Z,
39627479656170955,0372m127,,,0,accept,1,,0,1,2026-06-25T03:40:31Z,
39627485666611961,0441m125,,,0,accept,1,,0,1,2026-06-25T03:37:36Z,
39627485700163485,0461m125,,,0,accept,1,,0,1,2026-06-25T03:38:03Z,
39627486027320658,0660m125,8,,1,accept,1,,0,1,2026-06-25T03:37:44Z,
39627491601553868,0458m122,,,0,accept,1,merger,0,1,2026-06-25T03:37:54Z,
39627491622523477,0471m122,,,0,accept,1,,0,1,2026-06-25T03:37:35Z,
39627497389687574,0386m120,,,0,accept,1,,0,1,2026-06-25T03:38:24Z,
39627497666515128,0555m120,3,,1,remove,1,,0,1,2026-06-25T03:38:14Z,
39627502376714611,3422m120,,,0,remove,1,,0,1,2026-06-25T03:39:47Z,
39627503626618242,0582m117,,,0,accept,1,,0,1,2026-06-25T03:38:21Z,
39627503777617290,0674m117,,,0,accept,1,,0,1,2026-06-25T03:38:19Z,
39627508039028464,3264m117,,,0,accept,1,,0,1,2026-06-25T03:38:17Z,
39627508043222491,3267m117,,,0,accept,1,,0,1,2026-06-25T03:38:27Z,
39627508609455531,0011m115,,,0,accept,1,,0,1,2026-06-25T03:38:30Z,
39627514225623906,3425m115,,,0,accept,1,,0,1,2026-06-25T03:38:28Z,
39627514225623929,3425m115,,,0,accept,1,,0,1,2026-06-25T03:38:31Z,
39627514913493740,0243m112,,,0,accept,1,,0,1,2026-06-25T03:38:33Z,
39627515597164219,0658m112,,,0,remove,1,,0,1,2026-06-25T03:40:45Z,
39627519841797541,3234m112,,,0,remove,1,,0,1,2026-06-25T03:44:42Z,
39627521230110868,0476m110,,,0,accept,1,,0,1,2026-06-25T03:40:26Z,
39627521460803571,0616m110,4,,1,accept,1,,0,1,2026-06-25T03:40:04Z,
39627521511134318,0647m110,,,0,accept,1,,0,1,2026-06-25T03:40:33Z,
39627527152474239,0466m107,,,0,accept,1,,0,1,2026-06-25T03:40:48Z,
39627531585853112,3153m107,,,0,unsure,1,,0,1,2026-06-25T03:40:15Z,
39627533141940851,0496m105,,,0,unsure,1,,0,1,2026-06-25T04:46:33Z,
39627533477483698,0699m105,,,0,accept,1,,0,1,2026-06-25T03:40:53Z,
39627539202708021,0564m102,,,0,accept,1,,0,1,2026-06-25T03:40:55Z,
39627539311756223,0630m102,,,0,accept,1,,0,1,2026-06-25T03:42:47Z,
39627539311756267,0630m102,,,0,accept,1,,0,1,2026-06-25T03:42:57Z,
39627543778692048,3334m102,,,0,unsure,1,,0,1,2026-06-25T03:41:34Z,
39627550963532943,0477m097,,,0,accept,1,,0,1,2026-06-25T03:41:44Z,
39627551181635883,0609m097,,,0,accept,1,,0,1,2026-06-25T03:41:48Z,
39627553484310525,2001m097,,,0,accept,1,,0,1,2026-06-25T03:41:02Z,
39627556839755449,0429m095,,,0,accept,1,,0,1,2026-06-25T03:42:09Z,
39627557045273544,0553m095,3,,1,accept,1,,0,1,2026-06-25T03:41:41Z,
39627558819464524,1624m095,,,0,accept,1,,0,1,2026-06-25T03:42:18Z,
39627563215095116,0677m092,,,0,unsure,1,,0,1,2026-06-25T03:42:06Z,
39627565366775394,1975m092,,,0,accept,1,,0,1,2026-06-25T03:42:21Z,
39627569217145853,0699m090,3;14,,2,accept,1,,0,1,2026-06-25T03:44:11Z,
39627569217145898,0699m090,,,0,remove,1,,0,1,2026-06-25T03:44:33Z,
39627570777428327,1639m090,,,0,accept,1,,0,1,2026-06-25T03:42:24Z,
39627571003918984,1775m090,,,0,accept,1,,0,1,2026-06-25T03:42:34Z,
39627573344340919,3186m090,,,0,accept,1,,0,1,2026-06-25T03:42:27Z,
39627573902182316,3522m090,,,0,accept,1,,0,1,2026-06-25T03:42:45Z,
39627575047228409,0613m087,,,0,remove,1,,0,1,2026-06-25T03:43:01Z,
39627575164666064,0683m087,0,,1,accept,1,,0,1,2026-06-25T03:43:14Z,
39627575202414653,0706m087,,,0,accept,1,,0,1,2026-06-25T03:43:02Z,
39627576347462669,1396m087,,,0,remove,1,,0,1,2026-06-25T03:44:15Z,
39627576355849285,1401m087,,,0,unsure,1,merger,0,1,2026-06-25T03:43:22Z,
39627576368432296,1409m087,,,0,accept,1,,0,1,2026-06-25T03:44:36Z,
39627576674617669,1593m087,,,0,accept,1,,0,1,2026-06-25T03:44:38Z,
39627577467339296,2071m087,1,,1,accept,1,,0,1,2026-06-25T03:43:32Z,
39627581120577612,0672m085,,,0,accept,1,,0,1,2026-06-25T03:44:39Z,
39627581187691069,0713m085,,,0,accept,1,,0,1,2026-06-25T03:44:41Z,
39627583502946875,2106m085,,,0,accept,1,,0,1,2026-06-25T03:44:46Z,
39627585147114120,3096m085,,,0,remove,1,,0,1,2026-06-25T03:44:45Z,
39627585373605243,3232m085,11,,1,remove,1,,0,1,2026-06-25T03:44:56Z,
39627585428132357,3265m085,,,0,accept,1,,0,1,2026-06-25T03:45:06Z,
39627585428132374,3265m085,,,0,accept,1,,0,1,2026-06-25T03:45:05Z,
39627585637847256,3391m085,,,0,accept,1,,0,1,2026-06-25T03:45:02Z,
39627585885308072,3540m085,,,0,accept,1,,0,1,2026-06-25T03:45:07Z,
39627587051327851,0642m082,,,0,remove,1,,0,1,2026-06-25T03:45:21Z,
39627587156181206,0705m082,,,0,remove,1,,0,1,2026-06-25T03:46:11Z,
39627591153354244,3111m082,14,,1,accept,1,,0,1,2026-06-25T03:45:18Z,
39627591283377427,3189m082,18,,1,accept,1,,0,1,2026-06-25T03:45:35Z,
39627591396625199,3257m082,,,0,accept,1,,0,1,2026-06-25T03:45:38Z,
39627592935932358,0583m080,,,0,remove,1,,0,1,2026-06-25T03:45:09Z,
39627593086927779,0674m080,,,0,remove,1,,0,1,2026-06-25T03:45:44Z,
39627594190029893,1337m080,,,0,remove,1,,0,1,2026-06-25T03:45:40Z,
39627594315858799,1413m080,,,0,accept,1,,0,1,2026-06-25T03:45:36Z,
39627595238610026,1967m080,,,0,accept,1,,0,1,2026-06-25T04:41:14Z,
39627597121852000,3099m080,,,0,accept,1,,0,1,2026-06-25T03:45:49Z,
39627597121852015,3099m080,,,0,accept,1,,0,1,2026-06-25T03:45:50Z,
39627597369316375,3248m080,6,,1,accept,1,,0,1,2026-06-25T03:45:57Z,
39627597738413929,3470m080,,,0,accept,1,,0,1,2026-06-25T03:45:47Z,
39627597922959898,3581m080,,,0,accept,1,,0,1,2026-06-25T03:46:05Z,
39627599084785534,0679m077,,,0,remove,1,,0,1,2026-06-25T03:46:09Z,
39627599084785549,0679m077,,,0,remove,1,,0,1,2026-06-25T03:46:10Z,
39627600246607087,1377m077,,,0,accept,1,,0,1,2026-06-25T03:46:37Z,
39627600410182023,1476m077,,,0,accept,1,,0,1,2026-06-25T03:46:17Z,
39627600418570561,1481m077,,,0,accept,1,,0,1,2026-06-25T03:46:24Z,
39627601244853748,1977m077,,,0,accept,1,,0,1,2026-06-25T03:46:21Z,
39627601450375402,2101m077,1;2,,2,accept,1,,0,1,2026-06-25T03:46:32Z,
39627603434279953,3293m077,,,0,accept,1,,0,1,2026-06-25T03:46:45Z,
39627604747097047,0482m075,,,0,accept,1,,0,1,2026-06-25T03:46:48Z,
39627605040694190,0658m075,,,0,accept,1,,0,1,2026-06-25T03:46:43Z,
39627605116195313,0703m075,,,0,accept,1,,0,1,2026-06-25T03:46:34Z,
39627605116195332,0703m075,,,0,accept,1,,0,1,2026-06-25T03:46:40Z,
39627606261241358,1390m075,1;2,,2,accept,1,,0,1,2026-06-25T03:47:11Z,
39627606261241380,1390m075,1;2,,2,accept,1,,0,1,2026-06-25T03:47:04Z,
39627606261241433,1390m075,1;2,,2,accept,1,,0,1,2026-06-25T03:47:17Z,
39627606559036241,1569m075,,,0,accept,1,,0,1,2026-06-25T03:46:55Z,
39627606559036276,1569m075,,,0,accept,1,,0,1,2026-06-25T03:46:54Z,
39627606600977623,1594m075,,,0,accept,1,,0,1,2026-06-25T03:47:23Z,
39627606751974541,1685m075,,,0,unsure,1,merger,0,1,2026-06-25T03:47:31Z,
39627607058156888,1869m075,,,0,remove,1,,0,1,2026-06-25T03:47:20Z,
39627607100100298,1894m075,,,0,remove,1,,0,1,2026-06-25T03:47:34Z,
39627607167206542,1934m075,,,0,accept,1,,1,1,2026-06-25T04:41:06Z,
39627607221735941,1967m075,,,0,accept,1,,0,1,2026-06-25T03:47:47Z,
39627607385314295,2065m075,,,0,accept,1,,0,1,2026-06-25T03:47:37Z,
39627609239195573,3178m075,,,0,remove,1,,0,1,2026-06-25T03:47:45Z,
39627612179402896,1343m072,,,0,accept,1,,0,1,2026-06-25T03:47:50Z,
39627612246511325,1383m072,,,0,accept,1,,0,1,2026-06-25T03:47:43Z,
39627612749827616,1685m072,,,0,accept,1,,0,1,2026-06-25T03:48:07Z,
39627613186034390,1947m072,,,0,accept,1,,0,1,2026-06-25T03:48:32Z,
39627613378974379,2063m072,,,0,remove,1,,0,1,2026-06-25T03:48:10Z,
39627616516314718,0346m070,6,,1,accept,1,,0,1,2026-06-25T03:48:01Z,
39627616721832625,0469m070,,,0,accept,1,,0,1,2026-06-25T03:47:53Z,
39627616998656498,0635m070,,,0,accept,1,,0,1,2026-06-25T03:48:16Z,
39627616998656530,0635m070,,,0,accept,1,,0,1,2026-06-25T03:48:18Z,
39627617111902628,0703m070,,,0,remove,1,,0,1,2026-06-25T03:48:47Z,
39627617116095879,0706m070,,,0,remove,1,,0,1,2026-06-25T03:48:50Z,
39627618147895508,1325m070,,,0,unsure,1,,0,1,2026-06-25T03:48:39Z,
39627618194031417,1353m070,,,0,accept,1,,0,1,2026-06-25T03:48:13Z,
39627618261141569,1393m070,,,0,accept,1,,0,1,2026-06-25T03:48:20Z,
39627618298892183,1416m070,,,0,accept,1,,0,1,2026-06-25T03:48:42Z,
39627618399553014,1476m070,,,0,accept,1,,0,1,2026-06-25T04:40:11Z,
39627618437300456,1499m070,5,,1,accept,1,,0,1,2026-06-25T03:48:29Z,
39627618479248790,1524m070,,,0,remove,1,,0,1,2026-06-25T04:39:31Z,
39627618634435235,1617m070,,,0,accept,1,,0,1,2026-06-25T04:40:03Z,
39627618634435268,1617m070,,,0,accept,1,,0,1,2026-06-25T04:40:04Z,
39627618693157813,1652m070,,,0,accept,1,,0,1,2026-06-25T04:39:40Z,
39627618701544970,1657m070,,,0,remove,1,,0,1,2026-06-25T04:39:42Z,
39627618793816880,1713m070,,,0,remove,1,,0,1,2026-06-25T04:39:44Z,
39627619125168966,1912m070,,,0,accept,1,,0,1,2026-06-25T04:41:02Z,
39627619125169013,1912m070,,,0,accept,1,,0,1,2026-06-25T04:41:44Z,
39627619150332227,1927m070,,,0,accept,1,,0,1,2026-06-25T04:39:51Z,
39627619452325152,2108m070,,,0,accept,1,,0,1,2026-06-25T04:41:56Z,
39627621956323152,0011m067,,,0,remove,1,,0,1,2026-06-25T04:40:43Z,
39627622270899259,0199m067,,,0,remove,1,,0,1,2026-06-25T04:39:49Z,
39627622275094012,0202m067,,,0,accept,1,,0,1,2026-06-25T04:40:12Z,
39627623034261690,0657m067,,,0,accept,1,,0,1,2026-06-25T04:40:14Z,
39627624108002057,1300m067,6,,1,accept,1,,0,1,2026-06-25T04:40:31Z,
39627624229635463,1373m067,,,0,accept,1,,0,1,2026-06-25T04:40:18Z,
39627624267384943,1396m067,,,0,accept,1,,0,1,2026-06-25T04:42:56Z,
39627624783284485,1705m067,,,0,accept,1,,0,1,2026-06-25T04:40:52Z,
39627624783284505,1705m067,,,0,accept,1,,0,1,2026-06-25T04:40:46Z,
39627625303376873,2017m067,,,0,accept,1,,0,1,2026-06-25T04:41:17Z,
39627625336934247,2037m067,,,0,accept,1,,0,1,2026-06-25T04:41:10Z,
39627625622146217,2208m067,,,0,accept,1,,0,1,2026-06-25T04:40:51Z,
39627627354396252,3246m067,,,0,remove,1,,0,1,2026-06-25T04:40:36Z,
39627627429893185,3292m067,,,0,accept,1,,0,1,2026-06-25T04:40:33Z,
39627628562350654,0370m065,,,0,remove,1,,0,1,2026-06-25T04:46:42Z,
39627629011142172,0639m065,,,0,accept,1,,0,1,2026-06-25T04:40:57Z,
39627630076496869,1278m065,7,,1,accept,1,,0,1,2026-06-25T04:41:42Z,
39627630210713446,1358m065,28,,1,accept,1,,0,1,2026-06-25T04:42:37Z,
39627630210713547,1358m065,28,,1,accept,1,,0,1,2026-06-25T04:42:24Z,
39627630273627502,1396m065,,,0,accept,1,,0,1,2026-06-25T04:42:26Z,
39627630420429181,1484m065,1;2,,2,accept,1,,0,1,2026-06-25T04:41:32Z,
39627630420429205,1484m065,1;2,,2,accept,1,,0,1,2026-06-25T04:42:02Z,
39627630504315201,1534m065,,,0,accept,1,,0,1,2026-06-25T04:42:17Z,
39627630697251414,1650m065,3,,1,remove,1,,0,1,2026-06-25T04:41:52Z,
39627630865025667,1750m065,13,,1,accept,1,,0,1,2026-06-25T04:43:35Z,
39627631003436749,1833m065,,,0,accept,1,,0,1,2026-06-25T04:43:49Z,
39627633318691317,3221m065,0,,1,unsure,1,,0,1,2026-06-25T04:43:47Z,
39627634530845864,0348m062,,,0,accept,1,,0,1,2026-06-25T04:42:29Z,
39627635193546591,0745m062,,,0,unsure,1,,0,1,2026-06-25T04:44:30Z,
39627636191790818,1343m062,,,0,accept,1,,0,1,2026-06-25T04:43:52Z,
39627636309230897,1414m062,,,0,remove,1,,0,1,2026-06-25T04:48:33Z,
39627636380537771,1456m062,,,0,accept,1,,0,1,2026-06-25T04:43:56Z,
39627636477003432,1514m062,,,0,remove,1,,0,1,2026-06-25T04:43:54Z,
39627636686718671,1640m062,47,,1,accept,1,,0,1,2026-06-25T04:44:41Z,
39627636695106987,1645m062,11,,1,accept,1,,0,1,2026-06-25T04:44:10Z,
39627636695106991,1645m062,11,,1,accept,1,,0,1,2026-06-25T04:44:15Z,
39627636703496240,1650m062,,,0,accept,1,,0,1,2026-06-25T04:44:21Z,
39627636703496265,1650m062,,,0,accept,1,,0,1,2026-06-25T04:44:23Z,
39627636703496281,1650m062,,,0,accept,1,,0,1,2026-06-25T04:44:19Z,
39627636778995608,1695m062,10;13;17,,3,accept,1,,0,1,2026-06-25T04:45:07Z,
39627636778995620,1695m062,10;13;17,,3,accept,1,,0,1,2026-06-25T04:44:55Z,
39627636778995648,1695m062,10;13;17,,3,accept,1,,0,1,2026-06-25T04:45:24Z,
39627636791579528,1703m062,2,,1,accept,1,,0,1,2026-06-25T04:45:49Z,
39627636825129047,1723m062,,,0,remove,1,,0,1,2026-06-25T04:45:27Z,
39627636904822110,1771m062,,,0,accept,1,,0,1,2026-06-25T04:46:16Z,
39627636992907411,1823m062,,,0,accept,1,,0,1,2026-06-25T04:45:10Z,
39627637085177617,1879m062,,,0,remove,1,,0,1,2026-06-25T04:45:26Z,
39627637173258193,1931m062,,,0,unsure,1,,0,1,2026-06-25T05:04:20Z,
39627637185841788,1939m062,,,0,accept,1,,0,1,2026-06-25T04:46:09Z,
39627637185841812,1939m062,,,0,accept,1,,0,1,2026-06-25T04:46:14Z,
39627637185841848,1939m062,,,0,accept,1,,0,1,2026-06-25T04:46:11Z,
39627637433303724,2087m062,,,0,accept,1,,0,1,2026-06-25T04:46:59Z,
39627637559135703,2163m062,,,0,remove,1,,0,1,2026-06-25T04:45:52Z,
39627637735296500,2268m062,8,,1,accept,1,,0,1,2026-06-25T04:46:00Z,
39627641153654227,0716m060,,,0,accept,1,,0,1,2026-06-25T04:45:41Z,
39627642378388991,1449m060,,,0,remove,1,,0,1,2026-06-25T04:46:04Z,
39627642730709361,1660m060,,,0,accept,1,,0,1,2026-06-25T04:46:12Z,
39627642730709374,1660m060,,,0,accept,1,,0,1,2026-06-25T04:46:13Z,
39627643154335939,1914m060,,,0,accept,1,,0,1,2026-06-25T04:46:15Z,
39627643498271043,2120m060,,,0,accept,1,,0,1,2026-06-25T04:46:51Z,
39627643653460508,2212m060,,,0,remove,1,,0,1,2026-06-25T04:51:32Z,
39627643653460750,2212m060,,,0,remove,1,,0,1,2026-06-25T04:51:24Z,
39627645666723962,3417m060,,,0,remove,1,,0,1,2026-06-25T04:46:22Z,
39627646023244825,0031m057,,,0,accept,1,,0,1,2026-06-25T04:46:18Z,
39627646493007908,0312m057,15,,1,accept,1,,0,1,2026-06-25T04:46:49Z,
39627646505591330,0320m057,,,0,unsure,1,,0,1,2026-06-25T04:46:35Z,
39627647113758086,0684m057,,,0,accept,1,,0,1,2026-06-25T04:46:38Z,
39627648120391089,1286m057,,,0,accept,1,,0,1,2026-06-25T04:47:00Z,
39627648120391145,1286m057,,,0,accept,1,,0,1,2026-06-25T04:46:57Z,
39627648137172607,1296m057,,,0,accept,1,,0,1,2026-06-25T04:46:52Z,
39627648149750232,1304m057,,,0,accept,1,,0,1,2026-06-25T04:47:01Z,
39627648242025193,1359m057,,,0,remove,1,merger,0,1,2026-06-25T04:47:20Z,
39627648258802230,1369m057,,,0,accept,1,,0,1,2026-06-25T04:47:22Z,
39627648258802245,1369m057,,,0,accept,1,,0,1,2026-06-25T04:47:24Z,
39627648346886399,1422m057,,,0,unsure,1,,0,1,2026-06-25T04:47:26Z,
39627648443351443,1479m057,,,0,accept,1,,0,1,2026-06-25T04:47:31Z,
39627648506270103,1517m057,,,0,accept,1,,0,1,2026-06-25T04:48:01Z,
39627648980222462,1801m057,,,0,accept,1,,0,1,2026-06-25T04:47:30Z,
39627649399654286,2052m057,0,,1,accept,1,,0,1,2026-06-25T04:47:37Z,
39627649504514741,2115m057,,,0,accept,1,,0,1,2026-06-25T04:47:29Z,
39627649680676550,2220m057,,,0,accept,1,,0,1,2026-06-25T04:47:46Z,
39627649777141291,2278m057,,,0,accept,1,merger,0,1,2026-06-25T04:47:54Z,
39627651459062076,3284m057,,,0,remove,1,,0,1,2026-06-25T04:47:47Z,
39627654126636266,1281m055,2;4;10,,3,remove,1,,0,1,2026-06-25T04:48:19Z,
39627654130829262,1284m055,,,0,remove,1,,0,1,2026-06-25T04:48:20Z,
39627654218911310,1336m055,,,0,accept,1,,0,1,2026-06-25T04:48:23Z,
39627654407655158,1449m055,,,0,accept,1,,0,1,2026-06-25T04:48:26Z,
39627654407655203,1449m055,,,0,accept,1,,0,1,2026-06-25T04:48:25Z,
39627654512510355,1512m055,,,0,remove,1,,0,1,2026-06-25T04:48:36Z,
39627654873219241,1728m055,,,0,accept,1,merger,0,1,2026-06-25T04:48:43Z,
39627654994857475,1801m055,,,0,accept,1,,0,1,2026-06-25T04:48:39Z,
39627655015828787,1813m055,,,0,remove,1,,0,1,2026-06-25T04:48:47Z,
39627657159119839,3096m055,0;3,,2,accept,1,,0,1,2026-06-25T04:49:00Z,
39627657255585858,3154m055,,,0,accept,1,,0,1,2026-06-25T04:49:02Z,
39627657347862718,3209m055,,,0,remove,1,,0,1,2026-06-25T04:48:49Z,
39627660476809601,1480m052,,,0,accept,1,,0,1,2026-06-25T04:49:01Z,
39627660548114836,1522m052,,,0,remove,1,,0,1,2026-06-25T04:49:26Z,
39627660694917522,1610m052,1,,1,accept,1,,0,1,2026-06-25T04:49:11Z,
39627660694917544,1610m052,1,,1,accept,1,,0,1,2026-06-25T04:49:22Z,
39627660875268660,1718m052,,,0,accept,1,,0,1,2026-06-25T04:49:27Z,
39627660929795974,1751m052,,,0,remove,1,,0,1,2026-06-25T04:49:38Z,
39627661185649938,1904m052,,,0,accept,1,,0,1,2026-06-25T04:49:04Z,
39627661357615408,2006m052,,,0,accept,1,,0,1,2026-06-25T04:49:33Z,
39627661357615439,2006m052,,,0,accept,1,,0,1,2026-06-25T04:49:33Z,
39627661491832491,2087m052,,,0,accept,1,,0,1,2026-06-25T04:50:10Z,
39627661592498622,2147m052,,,0,accept,1,,0,1,2026-06-25T04:49:31Z,
39627661605077598,2154m052,,,0,accept,1,,0,1,2026-06-25T04:49:32Z,
39627661659603129,2187m052,,,0,accept,1,,0,1,2026-06-25T04:49:34Z,
39627661777046901,2257m052,,,0,accept,1,,0,1,2026-06-25T04:49:40Z,
39627661777046964,2257m052,,,0,accept,1,,0,1,2026-06-25T04:50:09Z,
39627661789630877,2265m052,,,0,remove,1,,0,1,2026-06-25T04:50:06Z,
39627663320547970,3180m052,,,0,accept,1,,0,1,2026-06-25T04:50:20Z,
39627663773532656,3450m052,2;7,,2,accept,1,,0,1,2026-06-25T04:49:58Z,
39627663819672901,3478m052,,,0,accept,1,,0,1,2026-06-25T04:50:13Z,
39627664436239962,0246m050,,,0,accept,1,merger,0,1,2026-06-25T04:50:19Z,
39627664704669540,0407m050,0,,1,accept,1,,0,1,2026-06-25T04:50:29Z,
39627664964716400,0562m050,,,0,accept,1,,0,1,2026-06-25T04:50:30Z,
39627665044406310,0610m050,,,0,accept,1,,0,1,2026-06-25T04:50:30Z,
39627665216373059,0713m050,,,0,remove,1,,0,1,2026-06-25T04:50:36Z,
39627665216377313,0713m050,,,0,accept,1,,0,1,2026-06-25T04:50:37Z,
39627665245736467,0730m050,,,0,accept,1,,0,1,2026-06-25T04:50:33Z,
39627666793434065,1655m050,,,0,remove,1,,0,1,2026-06-25T04:50:32Z,
39627666797628265,1658m050,,,0,accept,1,,0,1,2026-06-25T04:50:43Z,
39627666826989930,1675m050,,,0,accept,1,,0,1,2026-06-25T04:50:38Z,
39627666902485913,1721m050,,,0,accept,1,,1,1,2026-06-25T04:53:41Z,
39627666902485951,1721m050,,,0,accept,1,,1,1,2026-06-25T04:53:44Z,
39627667204478543,1901m050,,,0,accept,1,,0,1,2026-06-25T04:52:40Z,
39627667238032176,1921m050,4;22,,2,accept,1,,0,1,2026-06-25T04:51:20Z,
39627667238032293,1921m050,4;22,,2,accept,1,,0,1,2026-06-25T04:50:58Z,
39627667288362068,1951m050,,,0,accept,1,,0,1,2026-06-25T04:50:46Z,
39627667569377904,2119m050,,,0,accept,1,,0,1,2026-06-25T04:50:45Z,
39627667569377917,2119m050,,,0,accept,1,,0,1,2026-06-25T04:50:45Z,
39627667825235056,2272m050,,,0,remove,1,,0,1,2026-06-25T04:51:02Z,
39627667825235146,2272m050,,,0,remove,1,,0,1,2026-06-25T04:51:21Z,
39627669343570489,3180m050,,,0,remove,1,,0,1,2026-06-25T04:51:41Z,
39627670610255653,0337m047,,,0,accept,1,merger,0,1,2026-06-25T04:51:08Z,
39627671126148907,0645m047,,,0,remove,1,,0,1,2026-06-25T04:51:45Z,
39627671126148954,0645m047,,,0,accept,1,,0,1,2026-06-25T04:51:55Z,
39627671155512110,0663m047,,,0,accept,1,,0,1,2026-06-25T04:51:59Z,
39627671155512145,0663m047,,,0,accept,1,,0,1,2026-06-25T04:51:54Z,
39627671180677557,0678m047,,,0,accept,1,,0,1,2026-06-25T04:52:10Z,
39627672258613715,1322m047,,,0,accept,1,,0,1,2026-06-25T04:51:47Z,
39627672258613801,1322m047,,,0,accept,1,,0,1,2026-06-25T04:52:00Z,
39627672258614876,1322m047,,,0,accept,1,,0,1,2026-06-25T04:51:51Z,
39627672258614892,1322m047,,,0,accept,1,,0,1,2026-06-25T04:51:51Z,
39627672376053338,1392m047,,,0,accept,1,,0,1,2026-06-25T04:51:58Z,
39627672388632959,1400m047,,,0,remove,1,,0,1,2026-06-25T04:52:03Z,
39627672678043137,1573m047,,,0,accept,1,,0,1,2026-06-25T04:52:05Z,
39627672850009686,1675m047,,,0,accept,1,,0,1,2026-06-25T04:52:01Z,
39627672879366571,1693m047,,,0,accept,1,,0,1,2026-06-25T04:52:11Z,
39627672879366576,1693m047,,,0,accept,1,,0,1,2026-06-25T04:52:12Z,
39627672879367384,1693m047,,,0,remove,1,,0,1,2026-06-25T04:52:14Z,
39627672896145926,1703m047,,,0,remove,1,,0,1,2026-06-25T04:52:15Z,
39627673328162447,1961m047,,,0,accept,1,,0,1,2026-06-25T04:52:18Z,
39627673445601687,2031m047,,,0,remove,1,,0,1,2026-06-25T04:52:23Z,
39627673546262944,2092m047,,,0,accept,1,,0,1,2026-06-25T04:52:38Z,
39627673709838453,2189m047,,,0,accept,1,,0,1,2026-06-25T04:52:31Z,
39627675362398987,3177m047,,,0,remove,1,,0,1,2026-06-25T04:52:21Z,
39627675635027163,3340m047,,,0,remove,1,,0,1,2026-06-25T04:52:22Z,
39627675723108888,3393m047,,,0,remove,1,,0,1,2026-06-25T04:52:33Z,
39627676444529688,0224m045,,,0,remove,1,,0,1,2026-06-25T04:52:34Z,
39627676595524780,0314m045,,,0,accept,1,,0,1,2026-06-25T04:52:36Z,
39627676956232248,0530m045,,,0,accept,1,,0,1,2026-06-25T04:52:44Z,
39627677094642685,0612m045,,,0,accept,1,,0,1,2026-06-25T04:52:39Z,
39627677182725263,0665m045,,,0,remove,1,,0,1,2026-06-25T04:52:58Z,
39627677186916622,0668m045,,,0,accept,1,,0,1,2026-06-25T04:53:00Z,
39627677195306502,0673m045,,,0,remove,1,,0,1,2026-06-25T04:54:31Z,
39627677300164784,0735m045,,,0,remove,1,,0,1,2026-06-25T04:52:42Z,
39627678659121340,1548m045,,,0,remove,1,,0,1,2026-06-25T04:52:56Z,
39627678780755564,1620m045,,,0,remove,1,,0,1,2026-06-25T04:53:19Z,
39627678801726079,1633m045,3;8,,2,unsure,1,,0,1,2026-06-25T04:52:54Z,
39627678902391791,1693m045,,,0,accept,1,,0,1,2026-06-25T04:53:36Z,
39627678902391819,1693m045,,,0,accept,1,,0,1,2026-06-25T04:53:35Z,
39627679237931169,1894m045,,,0,accept,1,,0,1,2026-06-25T04:53:24Z,
39627679326015517,1946m045,,,0,remove,1,,0,1,2026-06-25T04:53:17Z,
39627679338595766,1954m045,,,0,accept,1,,0,1,2026-06-25T04:54:05Z,
39627679380539935,1979m045,4,,1,accept,1,,0,1,2026-06-25T04:53:06Z,
39627679661558240,2147m045,,,0,remove,1,,0,1,2026-06-25T04:52:59Z,
39627679850303254,2260m045,,,0,accept,1,,0,1,2026-06-25T04:53:30Z,
39627679858691316,2265m045,,,0,remove,1,,0,1,2026-06-25T04:55:26Z,
39627679858691332,2265m045,,,0,remove,1,,0,1,2026-06-25T04:55:27Z,
39627679858691366,2265m045,,,0,remove,1,,0,1,2026-06-25T04:55:28Z,
39627679867081041,2270m045,,,0,accept,1,,0,1,2026-06-25T04:53:33Z,
39627679867081066,2270m045,,,0,accept,1,,0,1,2026-06-25T04:53:34Z,
39627682127808133,0021m042,,,0,remove,1,,0,1,2026-06-25T04:53:59Z,
39627682568212860,0284m042,,,0,accept,1,merger,0,1,2026-06-25T04:53:56Z,
39627682668876374,0344m042,0;5;14;18,,4,accept,1,,0,1,2026-06-25T04:54:21Z,
39627682958280526,0516m042,,,0,accept,1,,0,1,2026-06-25T04:54:07Z,
39627683067335119,0582m042,,,0,accept,1,,0,1,2026-06-25T04:53:58Z,
39627684338206900,1340m042,,,0,accept,1,,0,1,2026-06-25T04:54:29Z,
39627684388540801,1370m042,,,0,accept,1,,0,1,2026-06-25T04:54:28Z,
39627684388540822,1370m042,,,0,accept,1,,0,1,2026-06-25T04:54:40Z,
39627684422091137,1390m042,,,0,accept,1,,0,1,2026-06-25T04:54:41Z,
39627684879270445,1663m042,8,,1,remove,1,,0,1,2026-06-25T04:54:38Z,
39627685076402765,1781m042,,,0,accept,1,,0,1,2026-06-25T04:56:43Z,
39627685168682109,1836m042,0;1;3,,3,accept,1,,0,1,2026-06-25T04:54:54Z,
39627685265147908,1893m042,,,0,accept,1,,0,1,2026-06-25T04:57:04Z,
39627685265148078,1893m042,,,0,accept,1,,0,1,2026-06-25T04:57:07Z,
39627685319676194,1926m042,,,0,accept,1,,1,1,2026-06-25T04:55:56Z,
39627685386784418,1966m042,,,0,accept,1,,1,1,2026-06-25T04:56:32Z,
39627685416141167,1984m042,,,0,remove,1,,0,1,2026-06-25T04:54:55Z,
39627685814601901,2221m042,,,0,remove,1,,0,1,2026-06-25T04:56:37Z,
39627685860737576,2249m042,,,0,accept,1,,0,1,2026-06-25T04:54:59Z,
39627687408436768,3173m042,,,0,accept,1,,0,1,2026-06-25T04:54:42Z,
39627687479742998,3215m042,,,0,accept,1,merger,0,1,2026-06-25T04:55:14Z,
39627687500712592,3228m042,,,0,remove,1,,0,1,2026-06-25T04:55:02Z,
39627688041776907,3551m042,,,0,accept,1,,0,1,2026-06-25T04:55:15Z,
39627688754808889,0376m040,,,0,unsure,1,,0,1,2026-06-25T04:55:22Z,
39627689052605747,0554m040,,,0,remove,1,,0,1,2026-06-25T04:55:24Z,
39627689375567932,0747m040,6,,1,accept,1,,0,1,2026-06-25T04:55:43Z,
39627690285729006,1290m040,11,,1,unsure,1,,0,1,2026-06-25T04:55:35Z,
39627690361230270,1335m040,,,0,accept,1,,0,1,2026-06-25T04:55:37Z,
39627690436724920,1380m040,,,0,accept,1,,0,1,2026-06-25T04:55:46Z,
39627690537390395,1440m040,,,0,accept,1,,0,1,2026-06-25T04:55:44Z,
39627690713551517,1545m040,,,0,accept,1,,0,1,2026-06-25T04:56:10Z,
39627690910683173,1663m040,,,0,accept,1,,0,1,2026-06-25T04:55:52Z,
39627690961014798,1693m040,1;4,,2,accept,1,,0,1,2026-06-25T04:56:07Z,
39627691141370269,1801m040,,,0,remove,1,,0,1,2026-06-25T04:56:16Z,
39627691611131253,2081m040,,,0,remove,1,,0,1,2026-06-25T04:56:11Z,
39627691762124852,2171m040,,,0,remove,1,,0,1,2026-06-25T04:56:13Z,
39627691804067758,2196m040,,,0,accept,1,,0,1,2026-06-25T04:55:53Z,
39627691866983732,2234m040,,,0,remove,1,,0,1,2026-06-25T04:56:14Z,
39627693305629492,3093m040,,,0,remove,1,,0,1,2026-06-25T04:56:20Z,
39627693712479189,3335m040,,,0,remove,1,,0,1,2026-06-25T04:56:19Z,
39627694593281514,0261m037,,,0,accept,1,,0,1,2026-06-25T04:56:17Z,
39627694991742038,0499m037,,,0,accept,1,,0,1,2026-06-25T04:56:29Z,
39627695109181660,0569m037,,,0,accept,1,,0,1,2026-06-25T04:56:23Z,
39627695134343593,0584m037,,,0,remove,1,,0,1,2026-06-25T04:56:39Z,
39627695146931165,0592m037,,,0,remove,1,,0,1,2026-06-25T04:56:35Z,
39627695176291283,0609m037,,,0,accept,1,,0,1,2026-06-25T04:56:24Z,
39627695209842775,0629m037,,,0,unsure,1,,0,1,2026-06-25T04:57:53Z,
39627695209842918,0629m037,,,0,unsure,1,,0,1,2026-06-25T04:58:02Z,
39627695209844248,0629m037,9,,1,accept,1,,0,1,2026-06-25T04:56:54Z,
39627695209844269,0629m037,9,,1,accept,1,,0,1,2026-06-25T04:57:13Z,
39627695209845003,0629m037,,,0,remove,1,,0,1,2026-06-25T04:56:57Z,
39627695276950926,0669m037,,,0,accept,1,,0,1,2026-06-25T04:56:55Z,
39627696421997367,1353m037,,,0,accept,1,,0,1,2026-06-25T04:56:45Z,
39627696421997407,1353m037,,,0,accept,1,,0,1,2026-06-25T04:56:47Z,
39627696736569216,1540m037,,,0,accept,1,,1,1,2026-06-25T04:58:29Z,
39627696749151966,1548m037,,,0,remove,1,,0,1,2026-06-25T04:57:17Z,
39627696749151992,1548m037,,,0,remove,1,,0,1,2026-06-25T04:57:18Z,
39627696774318587,1563m037,,,0,accept,1,,0,1,2026-06-25T04:57:20Z,
39627696782709681,1568m037,,,0,accept,1,,0,1,2026-06-25T04:57:29Z,
39627696782709708,1568m037,,,0,accept,1,,0,1,2026-06-25T04:57:28Z,
39627696782709724,1568m037,,,0,accept,1,,0,1,2026-06-25T04:57:34Z,
39627696782709779,1568m037,,,0,accept,1,,0,1,2026-06-25T04:57:33Z,
39627696795291213,1575m037,,,0,remove,1,merger,0,1,2026-06-25T04:57:27Z,
39627697151804459,1788m037,,,0,accept,1,,0,1,2026-06-25T04:58:09Z,
39627697244081958,1843m037,,,0,accept,1,,0,1,2026-06-25T04:57:38Z,
39627697575433516,2041m037,,,0,accept,1,,0,1,2026-06-25T04:57:30Z,
39627697709650154,2121m037,,,0,accept,1,,0,1,2026-06-25T04:57:55Z,
39627697801922501,2176m037,,,0,accept,1,,0,1,2026-06-25T04:57:36Z,
39627697910975683,2241m037,,,0,accept,1,,0,1,2026-06-25T04:57:33Z,
39627699320259362,3083m037,,,0,accept,1,,0,1,2026-06-25T04:57:35Z,
39627699399952755,3130m037,,,0,accept,1,,0,1,2026-06-25T04:58:00Z,
39627699416734752,3140m037,,,0,remove,1,,0,1,2026-06-25T04:57:57Z,
39627699752275096,3340m037,,,0,accept,1,,0,1,2026-06-25T04:58:03Z,
39627699769050577,3350m037,,,0,accept,1,,0,1,2026-06-25T04:58:08Z,
39627699928434416,3446m037,,,0,remove,1,,0,1,2026-06-25T04:58:17Z,
39627699941016963,3453m037,,,0,accept,1,,0,1,2026-06-25T04:58:10Z,
39627700515636379,0196m035,8;14,,2,accept,1,,0,1,2026-06-25T04:58:27Z,
39627700733745918,0326m035,,,0,unsure,1,,0,1,2026-06-25T04:58:14Z,
39627700884738356,0416m035,17,,1,remove,1,,0,1,2026-06-25T04:58:49Z,
39627701161561843,0582m035,1;17,,2,accept,1,,0,1,2026-06-25T04:58:40Z,
39627701207699864,0609m035,,,0,remove,1,,0,1,2026-06-25T04:58:51Z,
39627701224477970,0619m035,5,,1,accept,1,,0,1,2026-06-25T04:58:56Z,
39627701245445470,0632m035,,,0,accept,1,,0,1,2026-06-25T04:58:50Z,
39627701245445488,0632m035,,,0,accept,1,,0,1,2026-06-25T04:58:57Z,
39627701304167753,0667m035,,,0,accept,1,,0,1,2026-06-25T04:59:01Z,
39627702424047264,1335m035,,,0,accept,1,,0,1,2026-06-25T04:59:04Z,
39627702633762416,1460m035,,,0,remove,1,,0,1,2026-06-25T04:59:00Z,
39627703434871529,1938m035,,,0,remove,1,,1,1,2026-06-25T05:00:51Z,
39627703439066185,1941m035,,,0,accept,1,,0,1,2026-06-25T04:59:07Z,
39627703506176030,1981m035,,,0,remove,1,,1,1,2026-06-25T05:01:09Z,
39627703762029078,2134m035,0,,1,accept,1,,0,1,2026-06-25T04:59:28Z,
39627703824941798,2171m035,,,0,remove,1,,0,1,2026-06-25T05:04:46Z,
39627703862691715,2194m035,,,0,accept,1,,0,1,2026-06-25T04:59:55Z,
39627703992719767,2271m035,8,,1,unsure,1,,0,1,2026-06-25T04:59:49Z,
39627705494275629,3168m035,,,0,remove,1,,0,1,2026-06-25T04:59:06Z,
39627705955648862,3443m035,,,0,remove,1,,0,1,2026-06-25T04:59:20Z,
39627706207305903,3593m035,,,0,accept,1,,0,1,2026-06-25T04:59:08Z,
39627706719012058,0299m032,,,0,unsure,1,,0,1,2026-06-25T04:59:31Z,
39627706811292758,0354m032,,,0,accept,1,,0,1,2026-06-25T04:59:36Z,
39627707071332517,0509m032,,,0,accept,1,,0,1,2026-06-25T04:59:44Z,
39627707071333007,0509m032,0;1,,2,unsure,1,,0,1,2026-06-25T04:59:43Z,
39627707079723878,0514m032,3;7;11;13,,4,accept,1,,0,1,2026-06-25T05:00:07Z,
39627707209751627,0592m032,,,0,accept,1,,0,1,2026-06-25T04:59:51Z,
39627707222327637,0599m032,,,0,accept,1,,0,1,2026-06-25T05:00:11Z,
39627707234913514,0607m032,,,0,accept,1,,0,1,2026-06-25T05:00:08Z,
39627708543536170,1388m032,,,0,remove,1,,0,1,2026-06-25T04:59:52Z,
39627708635811036,1443m032,,,0,accept,1,,0,1,2026-06-25T05:00:09Z,
39627708669363611,1463m032,,,0,accept,1,,0,1,2026-06-25T05:00:10Z,
39627709944432012,2224m032,,,0,accept,1,,0,1,2026-06-25T05:00:12Z,
39627710015734699,2266m032,,,0,accept,1,,0,1,2026-06-25T05:02:38Z,
39627711425025384,3108m032,,,0,remove,1,,0,1,2026-06-25T05:00:19Z,
39627711450189474,3123m032,,,0,accept,1,merger,0,1,2026-06-25T05:00:18Z,
39627711538268843,3175m032,,,0,remove,1,,0,1,2026-06-25T05:00:22Z,
39627712880449663,0376m030,,,0,accept,1,,0,1,2026-06-25T05:00:20Z,
39627713035633654,0468m030,,,0,accept,1,,0,1,2026-06-25T05:00:23Z,
39627713220182685,0578m030,,,0,remove,1,,0,1,2026-06-25T05:00:43Z,
39627713262130889,0603m030,0;5,,2,accept,1,,0,1,2026-06-25T05:00:39Z,
39627713262131758,0603m030,,,0,accept,1,,0,1,2026-06-25T05:00:28Z,
39627713320851021,0638m030,,,0,remove,1,,0,1,2026-06-25T05:00:32Z,
39627713383764976,0676m030,,,0,remove,1,,0,1,2026-06-25T05:00:54Z,
39627713383764993,0676m030,,,0,accept,1,,0,1,2026-06-25T05:01:00Z,
39627714382005499,1271m030,,,0,remove,1,,0,1,2026-06-25T05:00:25Z,
39627715002764886,1641m030,,,0,remove,1,,0,1,2026-06-25T05:00:26Z,
39627715413806133,1886m030,,,0,remove,1,,0,1,2026-06-25T05:00:44Z,
39627715426386300,1893m030,,,0,accept,1,,0,1,2026-06-25T05:02:27Z,
39627715728380415,2073m030,,,0,remove,1,,0,1,2026-06-25T05:01:01Z,
39627716097475676,2293m030,,,0,accept,1,,0,1,2026-06-25T05:00:40Z,
39627717871671173,3351m030,4;12;23,,3,remove,1,,0,1,2026-06-25T05:01:44Z,
39627718161075128,3523m030,25,,1,accept,1,,0,1,2026-06-25T05:01:25Z,
39627718920242335,0376m027,,,0,accept,1,,0,1,2026-06-25T05:00:53Z,
39627718937020491,0386m027,8,,1,accept,1,,0,1,2026-06-25T05:02:01Z,
39627718937020644,0386m027,8,,1,accept,1,,0,1,2026-06-25T05:01:55Z,
39627719108988852,0488m027,,,0,accept,1,,0,1,2026-06-25T05:01:30Z,
39627719314509452,0611m027,7,,1,accept,1,,0,1,2026-06-25T05:01:06Z,
39627719314509476,0611m027,7,,1,accept,1,,0,1,2026-06-25T05:01:17Z,
39627719327090168,0618m027,,,0,accept,1,,0,1,2026-06-25T05:01:56Z,
39627719343872019,0628m027,5,,1,accept,1,,0,1,2026-06-25T05:02:06Z,
39627719364841474,0641m027,,,0,accept,1,,0,1,2026-06-25T05:01:10Z,
39627719390003578,0656m027,1,,1,accept,1,,0,1,2026-06-25T05:02:11Z,
39627719469695134,0703m027,,,0,accept,1,,0,1,2026-06-25T05:02:07Z,
39627720748960676,1466m027,,,0,accept,1,,0,1,2026-06-25T05:01:48Z,
39627720748960690,1466m027,,,0,accept,1,,0,1,2026-06-25T05:01:46Z,
39627720979646725,1603m027,,,0,remove,1,,0,1,2026-06-25T05:02:15Z,
39627720979646746,1603m027,,,0,remove,1,,0,1,2026-06-25T05:02:14Z,
39627721688482543,2026m027,,,0,accept,1,,0,1,2026-06-25T05:02:18Z,
39627721990472555,2206m027,,,0,accept,1,,0,1,2026-06-25T05:02:19Z,
39627722024031267,2226m027,,,0,remove,1,,0,1,2026-06-25T05:02:21Z,
39627723500427299,3106m027,,,0,remove,1,,0,1,2026-06-25T05:02:16Z,
39627723517199567,3116m027,,,0,remove,1,,0,1,2026-06-25T05:02:22Z,
39627723517199574,3116m027,,,0,remove,1,,0,1,2026-06-25T05:02:23Z,
39627723546564908,3133m027,,,0,accept,1,,0,1,2026-06-25T05:02:25Z,
39627724620303291,0173m025,,,0,remove,1,,0,1,2026-06-25T05:02:30Z,
39627724800659804,0281m025,,,0,remove,1,,0,1,2026-06-25T05:02:32Z,
39627725152977183,0491m025,,,0,accept,1,,0,1,2026-06-25T05:02:33Z,
39627725169756324,0501m025,,,0,accept,1,,0,1,2026-06-25T05:02:36Z,
39627725236866066,0541m025,,,0,accept,1,,0,1,2026-06-25T05:02:35Z,
39627725358499434,0613m025,,,0,accept,1,,0,1,2026-06-25T05:02:41Z,
39627726658734554,1388m025,,,0,accept,1,,0,1,2026-06-25T05:02:42Z,
39627726658737361,1388m025,,,0,remove,1,,0,1,2026-06-25T05:02:40Z,
39627726813923935,1481m025,10,,1,accept,1,,0,1,2026-06-25T05:03:07Z,
39627726843283553,1498m025,,,0,accept,1,,0,1,2026-06-25T05:02:44Z,
39627726922977714,1546m025,,,0,accept,1,,0,1,2026-06-25T05:02:45Z,
39627729548609389,3111m025,1,,1,accept,1,,0,1,2026-06-25T05:02:58Z,
39627729594751999,3138m025,,,0,accept,1,,0,1,2026-06-25T05:02:53Z,
39627729657663159,3176m025,,,0,accept,1,,0,1,2026-06-25T05:02:47Z,
39627730207119825,3503m025,,,0,accept,1,,0,1,2026-06-25T05:03:09Z,
39627730714631756,0206m022,,,0,accept,1,,0,1,2026-06-25T05:03:14Z,
39627730727209737,0213m022,,,0,remove,1,,0,1,2026-06-25T05:03:11Z,
39627730764958130,0236m022,,,0,accept,1,,0,1,2026-06-25T05:03:13Z,
39627730970483257,0358m022,,,0,unsure,1,merger,0,1,2026-06-25T05:03:38Z,
39627731373130374,0598m022,,,0,remove,1,,0,1,2026-06-25T05:04:04Z,
39627731377324790,0601m022,,,0,remove,1,,0,1,2026-06-25T05:03:19Z,
39627731427661111,0631m022,,,0,remove,1,,0,1,2026-06-25T05:03:23Z,
39627731524127225,0688m022,,,0,accept,1,,0,1,2026-06-25T05:03:17Z,
39627731553489220,0706m022,,,0,accept,1,,0,1,2026-06-25T05:03:16Z,
39627731574459473,0718m022,,,0,accept,1,,0,1,2026-06-25T05:03:17Z,
39627732526566394,1286m022,11,,1,accept,1,,0,1,2026-06-25T05:03:30Z,
39627732560121849,1306m022,,,0,accept,1,,0,1,2026-06-25T05:03:30Z,
39627732581090585,1318m022,,,0,accept,1,,0,1,2026-06-25T05:03:39Z,
39627732631425992,1348m022,,,0,remove,1,,0,1,2026-06-25T05:03:24Z,
39627733436728849,1828m022,,,0,remove,1,,0,1,2026-06-25T05:03:57Z,
39627733856160026,2078m022,,,0,accept,1,,0,1,2026-06-25T05:03:56Z,
39627735580025246,3106m022,,,0,remove,1,,0,1,2026-06-25T05:03:59Z,
39627735584212471,3108m022,,,0,remove,1,,0,1,2026-06-25T05:04:03Z,
39627735701652383,3178m022,1;5,,2,unsure,1,,0,1,2026-06-25T05:03:50Z,
39627735831678685,3256m022,,,0,remove,1,,0,1,2026-06-25T05:04:01Z,
39627737085772411,0403m020,,,0,remove,1,,1,1,2026-06-25T05:06:25Z,
39627737366791864,0571m020,,,0,remove,1,,0,1,2026-06-25T05:05:48Z,
39627737429705957,0608m020,,,0,remove,1,,0,1,2026-06-25T05:04:28Z,
39627737484234917,0641m020,,,0,accept,1,,0,1,2026-06-25T05:04:08Z,
39627738566366857,1286m020,,,0,remove,1,,0,1,2026-06-25T05:04:05Z,
39627738889327562,1478m020,,,0,remove,1,,0,1,2026-06-25T05:04:06Z,
39627738985794919,1536m020,,,0,remove,1,,0,1,2026-06-25T05:04:09Z,
39627738985794946,1536m020,,,0,remove,1,,0,1,2026-06-25T05:04:21Z,
39627739463946271,1821m020,,,0,remove,1,,0,1,2026-06-25T05:04:29Z,
39627739472333480,1826m020,,,0,accept,1,,0,1,2026-06-25T05:04:22Z,
39627739472333482,1826m020,,,0,accept,1,,0,1,2026-06-25T05:04:23Z,
39627739472335355,1826m020,,,0,unsure,1,,0,1,2026-06-25T05:04:25Z,
39627739505891156,1846m020,,,0,accept,1,,0,1,2026-06-25T05:04:33Z,
39627739510079539,1848m020,,,0,accept,1,,0,1,2026-06-25T05:04:48Z,
39627739778515249,2008m020,,,0,accept,1,merger,0,1,2026-06-25T05:04:32Z,
39627740013401179,2148m020,,,0,remove,1,,0,1,2026-06-25T05:07:27Z,
39627740013401192,2148m020,,,0,remove,1,,0,1,2026-06-25T05:07:30Z,
39627740286025908,2311m020,,,0,accept,1,,0,1,2026-06-25T05:04:47Z,
39627741846309113,3241m020,,,0,accept,1,,0,1,2026-06-25T05:04:50Z,
39627741846309141,3241m020,,,0,accept,1,,0,1,2026-06-25T05:04:49Z,
39627742253158846,3483m020,,,0,accept,1,,0,1,2026-06-25T05:04:56Z,
39627743444339147,0593m017,,,0,unsure,1,,0,1,2026-06-25T05:05:24Z,
39627744828457347,1418m017,,,0,remove,1,,0,1,2026-06-25T05:04:54Z,
39627744828457379,1418m017,,,0,remove,1,,0,1,2026-06-25T05:04:55Z,
39627745029787928,1538m017,0;1;2;3,,4,accept,1,,0,1,2026-06-25T05:05:06Z,
39627745046563884,1548m017,,,0,accept,1,,0,1,2026-06-25T05:05:27Z,
39627745155616068,1613m017,,,0,accept,1,,0,1,2026-06-25T05:05:29Z,
39627745931561354,2076m017,,,0,accept,1,,0,1,2026-06-25T05:06:02Z,
39627746090942878,2171m017,,,0,remove,1,,0,1,2026-06-25T05:05:30Z,
39627746090942879,2171m017,,,0,remove,1,,0,1,2026-06-25T05:05:33Z,
39627746090943022,2171m017,,,0,remove,1,,0,1,2026-06-25T05:05:31Z,
39627747814809015,3198m017,,,0,remove,1,,0,1,2026-06-25T05:05:49Z,
39627747831584226,3208m017,,,0,accept,1,,0,1,2026-06-25T05:05:34Z,
39627747844167321,3216m017,,,0,accept,1,,0,1,2026-06-25T05:05:38Z,
39627748016133415,3318m017,,,0,remove,1,,0,1,2026-06-25T05:05:50Z,
39627748670445908,0108m015,,,0,accept,1,,0,1,2026-06-25T05:05:59Z,
39627749123429552,0378m015,,,0,accept,1,,0,1,2026-06-25T05:05:56Z,
39627749488329442,0596m015,,,0,accept,1,,0,1,2026-06-25T05:05:53Z,
39627749538665785,0626m015,,,0,accept,1,,0,1,2026-06-25T05:06:00Z,
39627749572215304,0646m015,,,0,accept,1,merger,0,1,2026-06-25T05:06:05Z,
39627749572215330,0646m015,,,0,accept,1,merger,0,1,2026-06-25T05:06:09Z,
39627749572215388,0646m015,,,0,accept,1,merger,0,1,2026-06-25T05:06:12Z,
39627750641767833,1283m015,,,0,accept,1,,0,1,2026-06-25T05:06:47Z,
39627750641767839,1283m015,,,0,accept,1,,0,1,2026-06-25T05:06:53Z,
39627751577095177,1841m015,,,0,accept,1,,1,1,2026-06-25T05:08:43Z,
39627751900058373,2033m015,,,0,remove,1,,0,1,2026-06-25T05:06:14Z,
39627752084603161,2143m015,,,0,remove,1,,0,1,2026-06-25T05:12:18Z,
39627752084603180,2143m015,,,0,remove,1,,0,1,2026-06-25T05:12:08Z,
39627752084603392,2143m015,,,0,remove,1,validate in catalog this one?,0,1,2026-06-25T05:11:47Z,
39627752143327169,2178m015,,,0,accept,1,,0,1,2026-06-25T05:07:35Z,
39627752151712264,2183m015,5,,1,accept,1,,0,1,2026-06-25T05:06:22Z,
39627753665857842,3086m015,,,0,accept,1,,0,1,2026-06-25T05:06:16Z,
39627753829438217,3183m015,4,,1,remove,1,,0,1,2026-06-25T05:06:32Z,
39627754362113195,3501m015,,,0,remove,1,,0,1,2026-06-25T05:06:40Z,
39627755117091762,0351m012,,,0,remove,1,,0,1,2026-06-25T05:06:36Z,
39627755368744628,0501m012,,,0,remove,1,,0,1,2026-06-25T05:06:34Z,
39627755574264664,0623m012,,,0,accept,1,,0,1,2026-06-25T05:06:26Z,
39627756815779346,1363m012,,,0,remove,1,,0,1,2026-06-25T05:06:34Z,
39627757549781521,1801m012,16,,1,accept,1,,0,1,2026-06-25T05:09:40Z,
39627757549781571,1801m012,15,,1,accept,1,,0,1,2026-06-25T05:09:48Z,
39627757583335960,1821m012,,,0,remove,1,,0,1,2026-06-25T05:06:49Z,
39627757629473731,1848m012,,,0,accept,1,,0,1,2026-06-25T05:06:46Z,
39627757776275338,1936m012,,,0,accept,1,,0,1,2026-06-25T05:06:47Z,
39627759844070005,3168m012,,,0,remove,1,,0,1,2026-06-25T05:06:44Z,
39627760183809922,3371m012,,,0,accept,1,,0,1,2026-06-25T05:06:52Z,
39627761408543805,0501m010,,,0,accept,1,,0,1,2026-06-25T05:06:54Z,
39627761744090093,0701m010,,,0,accept,1,,0,1,2026-06-25T05:06:55Z,
39627762926882821,1406m010,,,0,remove,1,,0,1,2026-06-25T05:07:01Z,
39627762926882863,1406m010,,,0,remove,1,,0,1,2026-06-25T05:07:01Z,
39627764382305600,2273m010,,,0,accept,1,,0,1,2026-06-25T05:08:22Z,
39627765867092036,3158m010,,,0,remove,1,,0,1,2026-06-25T05:06:59Z,
39627766068414296,3278m010,,,0,remove,1,,0,1,2026-06-25T05:07:03Z,
39627766068414446,3278m010,,,0,remove,1,,0,1,2026-06-25T05:07:04Z,
39627766408158519,3481m010,,,0,remove,1,,0,1,2026-06-25T05:07:00Z,
39627767695806787,0648m007,,,0,accept,1,,0,1,2026-06-25T05:07:09Z,
39627767800665429,0711m007,,,0,accept,1,,0,1,2026-06-25T05:07:06Z,
39627768756963600,1281m007,,,0,remove,1,,0,1,2026-06-25T05:07:13Z,
39627768756963656,1281m007,,,0,remove,1,,0,1,2026-06-25T05:07:14Z,
39627769088311771,1478m007,,,0,remove,1,,0,1,2026-06-25T05:07:20Z,
39627769256087032,1578m007,,,0,accept,1,,0,1,2026-06-25T05:07:19Z,
39627769381917010,1653m007,,,0,accept,1,,0,1,2026-06-25T05:07:18Z,
39627769566466065,1763m007,,,0,accept,1,,0,1,2026-06-25T05:07:16Z,
39627770346607761,2228m007,,,0,accept,1,,0,1,2026-06-25T05:07:28Z,
39627770493404349,2316m007,,,0,accept,1,,0,1,2026-06-25T05:07:22Z,
39627770493404374,2316m007,,,0,accept,1,,0,1,2026-06-25T05:07:24Z,
39627770753454614,2471m007,,,0,remove,1,,0,1,2026-06-25T05:07:25Z,
39627773093874973,0266m005,,,0,accept,1,,0,1,2026-06-25T05:07:31Z,
39627774796763882,1281m005,,,0,accept,1,,0,1,2026-06-25T05:07:48Z,
39627775371381810,1623m005,,,0,accept,1,,0,1,2026-06-25T05:07:39Z,
39627775828559637,1896m005,,,0,accept,1,,0,1,2026-06-25T05:07:32Z,
39627775832758049,1898m005,,,0,remove,1,,0,1,2026-06-25T05:07:54Z,
39627776176688980,2103m005,,,0,accept,1,,0,1,2026-06-25T05:07:52Z,
39627776222824007,2131m005,,,0,accept,1,,0,1,2026-06-25T05:07:37Z,
39627778865241611,0106m002,,,0,accept,1,,0,1,2026-06-25T05:07:34Z,
39627779511159928,0491m002,3,,1,unsure,1,,0,1,2026-06-25T05:07:46Z,
39627781276959407,1543m002,5,,1,accept,1,,0,1,2026-06-25T05:08:15Z,
39627781323100151,1571m002,7,,1,accept,1,,0,1,2026-06-25T05:08:05Z,
39627781323100180,1571m002,7,,1,accept,1,,0,1,2026-06-25T05:08:09Z,
39627781478286099,1663m002,,,0,remove,1,,0,1,2026-06-25T05:08:20Z,
39627781927078884,1931m002,,,0,accept,1,,1,1,2026-06-25T05:11:03Z,
39627782120016586,2046m002,,,0,remove,1,,0,1,2026-06-25T05:08:19Z,
39627782224876814,2108m002,,,0,accept,1,,0,1,2026-06-25T05:08:25Z,
39627782254233583,2126m002,,,0,remove,1,,0,1,2026-06-25T05:08:23Z,
39627782304568216,2156m002,,,0,remove,1,,0,1,2026-06-25T05:08:24Z,
39627782543640419,2298m002,,,0,accept,1,,0,1,2026-06-25T05:08:26Z,
39627782849823172,2481m002,,,0,accept,1,merger,0,1,2026-06-25T05:08:34Z,
39627784036810928,3188m002,,,0,remove,1,,0,1,2026-06-25T05:08:28Z,
39627784095534218,3223m002,,,0,remove,1,,0,1,2026-06-25T05:08:35Z,
39627784384943255,3396m002,,,0,accept,1,,0,1,2026-06-25T05:08:38Z,
39627785236383261,0303p000,,,0,accept,1,,0,1,2026-06-25T05:08:44Z,
39627785366409985,0381p000,,,0,remove,1,,0,1,2026-06-25T05:08:48Z,
39627785915860353,0708p000,,,0,remove,1,,0,1,2026-06-25T05:08:47Z,
39627787018966996,1366p000,,,0,accept,1,,0,1,2026-06-25T05:08:45Z,
39627787182540185,1463p000,,,0,remove,1,merger,0,1,2026-06-25T05:08:54Z,
39627787182540253,1463p000,,,0,accept,1,,0,1,2026-06-25T05:08:49Z,
39627787404837405,1596p000,,,0,remove,1,,0,1,2026-06-25T05:08:57Z,
39627787652303976,1743p000,,,0,accept,1,,0,1,2026-06-25T05:08:58Z,
39627788264673472,2108p000,,,0,accept,1,,0,1,2026-06-25T05:09:15Z,
39627788461805221,2226p000,,,0,remove,1,,0,1,2026-06-25T05:09:16Z,
39627788465997046,2228p000,,,0,accept,1,,0,1,2026-06-25T05:09:01Z,
39627788898012960,2486p000,,,0,accept,1,,0,1,2026-06-25T05:09:14Z,
39627790219220294,3273p000,,,0,remove,1,,0,1,2026-06-25T05:09:00Z,
39627790219220320,3273p000,,,0,remove,1,complex deblending,0,1,2026-06-25T05:09:12Z,
39627790248577699,3291p000,,,0,remove,1,test deblend,0,1,2026-06-25T05:10:17Z,
39627790873527606,0063p002,3,,1,accept,1,,0,1,2026-06-25T05:10:09Z,
39627791657864731,0531p002,5,,1,remove,1,test deboned,0,1,2026-06-25T05:09:28Z,
39627793213948400,1458p002,,,0,remove,1,test deboned,0,1,2026-06-25T05:09:33Z,
39627793213948410,1458p002,,,0,remove,1,test deblend,0,1,2026-06-25T05:09:43Z,
39627793218143099,1461p002,,,0,accept,1,,0,1,2026-06-25T05:10:11Z,
39627794585489127,2276p002,,,0,remove,1,test deblend,0,1,2026-06-25T05:10:00Z,
39627796003160324,3121p002,,,0,remove,1,,0,1,2026-06-25T05:10:01Z,
39627796363876558,3336p002,,,0,remove,1,test deblend,0,1,2026-06-25T05:10:05Z,
39627796732970599,3556p002,1,,1,accept,1,,0,1,2026-06-25T05:10:27Z,
39627796737164610,3558p002,,,0,remove,1,test deblend,0,1,2026-06-25T05:09:54Z,
39627797152402058,0206p005,,,0,remove,1,test deblend,0,1,2026-06-25T05:10:34Z,
39627797471172848,0396p005,,,0,remove,1,test cluster system,1,1,2026-06-25T05:12:30Z,
39627798960147334,1283p005,,,0,accept,1,,0,1,2026-06-25T05:10:28Z,
39627798960147356,1283p005,,,0,accept,1,,0,1,2026-06-25T05:10:36Z,
39627799840954036,1808p005,,,0,remove,1,,0,1,2026-06-25T05:10:29Z,
39627800365237798,2121p005,,,0,accept,1,,0,1,2026-06-25T05:10:38Z,
39627800365237809,2121p005,,,0,accept,1,,0,1,2026-06-25T05:10:37Z,
39627800600122885,2261p005,3;6,,2,accept,1,,0,1,2026-06-25T05:14:06Z,
39627800818227520,2391p005,,,0,remove,1,,0,1,2026-06-25T05:10:41Z,
39627800990191409,2493p005,,,0,accept,1,,0,1,2026-06-25T05:10:39Z,
39627802219120023,3226p005,,,0,unsure,1,merger,0,1,2026-06-25T05:11:01Z,
39627802621777180,3466p005,,,0,remove,1,,0,1,2026-06-25T05:11:10Z,
39627802621777264,3466p005,,,0,remove,1,,0,1,2026-06-25T05:11:09Z,
39627803188007350,0203p007,7,,1,accept,1,,0,1,2026-06-25T05:10:52Z,
39627803192202363,0206p007,,,0,remove,1,,0,1,2026-06-25T05:10:42Z,
39627803947174906,0656p007,,,0,remove,1,,0,1,2026-06-25T05:10:46Z,
39627803989118684,0681p007,,,0,remove,1,,0,1,2026-06-25T05:11:08Z,
39627803989118691,0681p007,,,0,remove,1,,0,1,2026-06-25T05:11:11Z,
39627804978975115,1271p007,,,0,accept,1,,0,1,2026-06-25T05:11:12Z,
39627804978975135,1271p007,,,0,accept,1,,0,1,2026-06-25T05:11:17Z,
39627804978975147,1271p007,,,0,accept,1,,0,1,2026-06-25T05:11:17Z,
39627805083832962,1333p007,,,0,remove,1,,0,1,2026-06-25T05:11:15Z,
39627805360657921,1498p007,5,,1,remove,1,test deblend,0,1,2026-06-25T05:11:28Z,
39627805834609701,1781p007,,,0,accept,1,,0,1,2026-06-25T05:13:29Z,
39627805918498963,1831p007,,,0,accept,1,,1,1,2026-06-25T05:14:32Z,
39627805918498999,1831p007,,,0,accept,1,,1,1,2026-06-25T05:14:20Z,
39627806375677182,2103p007,,,0,accept,1,,0,1,2026-06-25T05:11:49Z,
39627806581195568,2226p007,,,0,accept,1,,0,1,2026-06-25T05:11:21Z,
39627806795105012,2353p007,,,0,accept,1,,0,1,2026-06-25T05:14:07Z,
39627807046770317,2503p007,,,0,accept,1,,0,1,2026-06-25T05:11:19Z,
39627808296668274,3248p007,,,0,remove,1,,0,1,2026-06-25T05:11:30Z,
39627808565109482,3408p007,,,0,accept,1,,0,1,2026-06-25T05:12:04Z,
39627809504631506,0368p010,,,0,accept,1,,0,1,2026-06-25T05:12:03Z,
39627809559158308,0401p010,,,0,accept,1,,0,1,2026-06-25T05:12:22Z,
39627810007944007,0668p010,,,0,accept,1,,0,1,2026-06-25T05:12:06Z,
39627810045690772,0691p010,,,0,accept,1,,0,1,2026-06-25T05:11:52Z,
39627811035550608,1281p010,,,0,remove,1,,0,1,2026-06-25T05:12:21Z,
39627811371090727,1481p010,,,0,remove,1,,0,1,2026-06-25T05:12:16Z,
39627811400452314,1498p010,,,0,accept,1,,0,1,2026-06-25T05:12:05Z,
39627812134455746,1936p010,,,0,remove,1,,0,1,2026-06-25T05:12:55Z,
39627812222539135,1988p010,,,0,accept,1,,0,1,2026-06-25T05:12:31Z,
39627812277060899,2021p010,,,0,remove,1,,0,1,2026-06-25T05:12:51Z,
39627812683912567,2263p010,,,0,accept,1,merger,0,1,2026-06-25T05:12:35Z,
39627813073985469,2496p010,,,0,remove,1,test deblend,0,1,2026-06-25T05:12:43Z,
39627813082373392,2501p010,,,0,remove,1,test deblend,0,1,2026-06-25T05:13:13Z,
39627814416164416,3296p010,,,0,remove,1,test deblend,0,1,2026-06-25T05:14:18Z,
39627815217267592,0173p012,,,0,accept,1,,0,1,2026-06-25T05:12:52Z,
39627815406017860,0286p012,,,0,unsure,1,"merger, test deblend",0,1,2026-06-25T05:13:27Z,
39627815468929414,0323p012,0;6;7,,3,accept,1,,0,1,2026-06-25T05:13:05Z,
39627815569592248,0383p012,,,0,accept,1,,0,1,2026-06-25T05:13:31Z,
39627817830321898,1731p012,,,0,accept,1,,0,1,2026-06-25T05:13:31Z,
39627817993900006,1828p012,,,0,remove,1,test deblend,0,1,2026-06-25T05:13:44Z,
39627818048423999,1861p012,,,0,remove,1,,0,1,2026-06-25T05:13:33Z,
39627818123920475,1906p012,,,0,remove,1,,0,1,2026-06-25T05:13:45Z,
39627818241363165,1976p012,,,0,accept,1,,0,1,2026-06-25T05:13:47Z,
39627818241363187,1976p012,,,0,accept,1,,0,1,2026-06-25T05:13:47Z,
39627818291695362,2006p012,,,0,accept,1,,0,1,2026-06-25T05:14:10Z,
39627818526573680,2146p012,,,0,accept,1,,0,1,2026-06-25T05:13:50Z,
39627818618847809,2201p012,,,0,remove,1,,0,1,2026-06-25T05:13:49Z,
39627818987949585,2421p012,4,,1,accept,1,,0,1,2026-06-25T05:13:55Z,
39627818992141576,2423p012,,,0,accept,1,,0,1,2026-06-25T05:14:08Z,
39627819046672503,2456p012,,,0,remove,1,,0,1,2026-06-25T05:14:12Z,
39627820116214258,3093p012,,,0,remove,1,,0,1,2026-06-25T05:14:23Z,
39627820229462220,3161p012,,,0,remove,1,test deblend,0,1,2026-06-25T05:14:28Z,
39627820418210296,3273p012,,,0,accept,1,,0,1,2026-06-25T05:14:30Z,
39627820619537182,3393p012,,,0,accept,1,,0,1,2026-06-25T05:14:33Z,
39627820732781437,3461p012,,,0,remove,1,test deblend,0,1,2026-06-25T05:14:43Z,
39627821299015605,0198p015,,,0,accept,1,"merger, test deboned",0,1,2026-06-25T05:14:58Z,
39627821764580643,0476p015,,,0,accept,1,,0,1,2026-06-25T05:14:37Z,
39627823039649987,1236p015,,,0,accept,1,,0,1,2026-06-25T05:14:35Z,
39627823471659448,1493p015,6,,1,accept,1,test deboned,0,1,2026-06-25T05:15:05Z,
39627823471661194,1493p015,,,0,remove,1,test deblend!,0,1,2026-06-25T05:15:31Z,
39627824100806546,1868p015,,,0,remove,1,test deblend!!,1,1,2026-06-25T05:16:13Z,
39627824100806562,1868p015,,,0,remove,1,,1,1,2026-06-25T05:16:23Z,
39627824742535216,2251p015,,,0,accept,1,,0,1,2026-06-25T05:15:09Z,
39627824742535246,2251p015,,,0,accept,1,,0,1,2026-06-25T05:15:24Z,
39627824960639099,2381p015,,,0,remove,1,,0,1,2026-06-25T05:15:22Z,
39627824960639107,2381p015,,,0,remove,1,,0,1,2026-06-25T05:15:21Z,
39627826336370766,3201p015,1,,1,accept,1,,0,1,2026-06-25T05:15:19Z,
39627826374123819,3223p015,,,0,remove,1,,0,1,2026-06-25T05:15:23Z,
39627826839687971,3501p015,,,0,remove,1,,0,1,2026-06-25T05:15:32Z,
39627827284281610,0166p017,,,0,accept,1,,0,1,2026-06-25T05:15:37Z,
39627827649190245,0383p017,,,0,remove,1,,0,1,2026-06-25T05:15:34Z,
39627829473710523,1471p017,,,0,remove,1,,0,1,2026-06-25T05:15:38Z,
39627829515651432,1496p017,,,0,remove,1,,0,1,2026-06-25T05:19:10Z,
39627829691812534,1601p017,,,0,remove,1,,0,1,2026-06-25T05:15:33Z,
39627829771501896,1648p017,,,0,accept,1,,0,1,2026-06-25T05:15:40Z,
39627830367096528,2003p017,,,0,remove,1,merger! test deblend,0,1,2026-06-25T05:15:52Z,
39627830509702937,2088p017,,,0,accept,1,,0,1,2026-06-25T05:15:45Z,
39627830585201831,2133p017,,,0,accept,1,,0,1,2026-06-25T05:15:43Z,
39627830597783908,2141p017,,,0,remove,1,,0,1,2026-06-25T05:15:41Z,
39627830971073137,2363p017,,,0,accept,1,,0,1,2026-06-25T05:18:52Z,
39627830971073180,2363p017,,,0,accept,1,,0,1,2026-06-25T05:18:49Z,
39627831117877672,2451p017,,,0,accept,1,,0,1,2026-06-25T05:15:54Z,
39627831172399304,2483p017,,,0,accept,1,,0,1,2026-06-25T05:15:55Z,
39627831172399318,2483p017,,,0,accept,1,,0,1,2026-06-25T05:15:56Z,
39627832573296794,3318p017,,,0,accept,1,,0,1,2026-06-25T05:15:57Z,
39627832913038981,3521p017,,,0,accept,1,,0,1,2026-06-25T05:15:58Z,
39627832946593825,3541p017,,,0,remove,1,,0,1,2026-06-25T05:16:25Z,
39627833173090674,0076p020,,,0,accept,1,,0,1,2026-06-25T05:15:59Z,
39627833181475586,0081p020,,,0,accept,1,,0,1,2026-06-25T05:16:00Z,
39627833424745089,0226p020,,,0,accept,1,,0,1,2026-06-25T05:19:08Z,
39627833806429000,0453p020,,,0,accept,1,,0,1,2026-06-25T05:16:01Z,
39627833852565016,0481p020,,,0,accept,1,,0,1,2026-06-25T05:16:01Z,
39627835509309536,1468p020,,,0,accept,1,,0,1,2026-06-25T05:16:40Z,
39627836142651932,1846p020,,,0,accept,1,,0,1,2026-06-25T05:18:08Z,
39627836176205565,1866p020,,,0,remove,1,,0,1,2026-06-25T05:16:24Z,
39627836364952244,1978p020,,,0,accept,1,,0,1,2026-06-25T05:16:30Z,
39627836633387415,2138p020,,,0,remove,1,test deblend!,0,1,2026-06-25T05:16:19Z,
39627836645965897,2146p020,,,0,accept,1,,0,1,2026-06-25T05:16:27Z,
39627836750824798,2208p020,,,0,remove,1,test deblend!,0,1,2026-06-25T05:16:44Z,
39627836780187363,2226p020,,,0,accept,1,,0,1,2026-06-25T05:16:29Z,
39627836788576890,2231p020,,,0,accept,1,,0,1,2026-06-25T05:16:31Z,
39627837153481799,2448p020,,,0,remove,1,,0,1,2026-06-25T05:16:48Z,
39627838323689484,3146p020,,,0,remove,1,,0,1,2026-06-25T05:16:52Z,
39627838428548698,3208p020,,,0,remove,1,,0,1,2026-06-25T05:16:46Z,
39627838583738415,3301p020,,,0,accept,1,,0,1,2026-06-25T05:16:50Z,
39627839078669547,3596p020,,,0,accept,1,,0,1,2026-06-25T05:16:49Z,
39627839342905900,0153p022,,,0,accept,1,test deblend! merger,0,1,2026-06-25T05:16:58Z,
39627839405825483,0191p022,,,0,remove,1,test debeldn!,0,1,2026-06-25T05:17:32Z,
39627839619734364,0318p022,,,0,remove,1,,0,1,2026-06-25T05:17:00Z,
39627841238731663,1283p022,20;24,,2,accept,1,,0,1,2026-06-25T05:17:25Z,
39627841679134815,1546p022,13;14,,2,accept,1,test deblend!,0,1,2026-06-25T05:17:12Z,
39627841914016041,1686p022,,,0,accept,1,,0,1,2026-06-25T05:17:13Z,
39627842245361872,1883p022,,,0,accept,1,,0,1,2026-06-25T05:17:13Z,
39627842488634497,2028p022,,,0,remove,1,test deblend!,1,1,2026-06-25T05:19:06Z,
39627843012923778,2341p022,,,0,accept,1,,0,1,2026-06-25T05:17:14Z,
39627843142944701,2418p022,,,0,accept,1,,0,1,2026-06-25T05:17:01Z,
39627844569011847,3268p022,9,,1,accept,1,,0,1,2026-06-25T05:17:45Z,
39627844636115784,3308p022,,,0,remove,1,,0,1,2026-06-25T05:17:40Z,
39627844841637662,3431p022,,,0,accept,1,,0,1,2026-06-25T05:17:38Z,
39627845437232459,0186p025,,,0,accept,1,,0,1,2026-06-25T05:17:46Z,
39627845785360049,0393p025,,,0,remove,1,test deblend!,0,1,2026-06-25T05:18:02Z,
39627847203030440,1238p025,,,0,accept,1,,0,1,2026-06-25T05:17:46Z,
39627847333054649,1316p025,,,0,accept,1,,0,1,2026-06-25T05:18:04Z,
39627847844760644,1621p025,,,0,remove,1,,0,1,2026-06-25T05:18:06Z,
39627848008339969,1718p025,4,,1,unsure,1,,0,1,2026-06-25T05:17:52Z,
39627848771701096,2173p025,,,0,remove,1,test deblend!,0,1,2026-06-25T05:18:20Z,
39627848796868987,2188p025,,,0,accept,1,,0,1,2026-06-25T05:20:09Z,
39627848796869014,2188p025,,,0,accept,1,,0,1,2026-06-25T05:20:08Z,
39627848796869046,2188p025,,,0,accept,1,,0,1,2026-06-25T05:20:14Z,
39627848863974006,2228p025,,,0,accept,1,,0,1,2026-06-25T05:19:35Z,
39627848880751847,2238p025,,,0,accept,1,,0,1,2026-06-25T05:18:09Z,
39627848889139316,2243p025,,,0,remove,1,test deblend!,0,1,2026-06-25T05:18:14Z,
39627848893336393,2246p025,,,0,accept,1,,0,1,2026-06-25T05:18:31Z,
39627848893336399,2246p025,,,0,accept,1,,0,1,2026-06-25T05:18:30Z,
39627848960445260,2286p025,,,0,accept,1,,0,1,2026-06-25T05:18:21Z,
39627849065301076,2348p025,,,0,accept,1,,0,1,2026-06-25T05:18:29Z,
39627849207911774,2433p025,,,0,remove,1,,0,1,2026-06-25T05:18:44Z,
39627850302623922,3086p025,,,0,remove,1,test deblend!,0,1,2026-06-25T05:18:37Z,
39627850558477624,3238p025,,,0,remove,1,test deblend!,0,1,2026-06-25T05:18:28Z,
39627851279898194,0068p027,,,0,remove,1,,0,1,2026-06-25T05:18:45Z,
39627851774823253,0363p027,,,0,accept,1,,0,1,2026-06-25T05:18:38Z,
39627851774823272,0363p027,,,0,accept,1,,0,1,2026-06-25T05:18:39Z,
39627851971956005,0481p027,,,0,accept,1,,0,1,2026-06-25T05:18:40Z,
39627853611930575,1458p027,,,0,accept,1,,0,1,2026-06-25T05:19:22Z,
39627853611930626,1458p027,,,0,accept,1,,0,1,2026-06-25T05:19:20Z,
39627853611930671,1458p027,,,0,accept,1,,0,1,2026-06-25T05:19:21Z,
39627853913919549,1638p027,,,0,remove,1,,0,1,2026-06-25T05:18:50Z,
39627853972637591,1673p027,,,0,remove,1,,0,1,2026-06-25T05:18:53Z,
39627854320768348,1881p027,,,0,remove,1,,0,1,2026-06-25T05:20:12Z,
39627854320768367,1881p027,3;4,,2,accept,1,,0,1,2026-06-25T05:20:22Z,
39627854371096150,1911p027,,,0,accept,1,,1,1,2026-06-25T05:20:02Z,
39627854836665742,2188p027,,,0,remove,1,,0,1,2026-06-25T05:21:44Z,
39627854903771809,2228p027,,,0,accept,1,,0,1,2026-06-25T05:21:36Z,
39627855071546122,2328p027,,,0,accept,1,,0,1,2026-06-25T05:18:59Z,
39627855134459362,2366p027,,,0,remove,1,test deblend,0,1,2026-06-25T05:19:29Z,
39627856384363822,3111p027,,,0,remove,1,test deblend!,0,1,2026-06-25T05:18:57Z,
39627856577300037,3226p027,,,0,accept,1,,0,1,2026-06-25T05:19:23Z,
39627856778631133,3346p027,,,0,accept,1,,0,1,2026-06-25T05:19:14Z,
39627857093198859,3533p027,,,0,accept,1,,0,1,2026-06-25T05:19:13Z,
39627857139336312,3561p027,,,0,accept,1,,0,1,2026-06-25T05:19:13Z,
39627857147727552,3566p027,,,0,remove,1,test deblend!,0,1,2026-06-25T05:19:57Z,
39627857848174502,0383p030,,,0,accept,1,,0,1,2026-06-25T05:19:24Z,
39627857940449782,0438p030,,,0,accept,1,,0,1,2026-06-25T05:19:34Z,
39627857948841207,0443p030,,,0,remove,1,,0,1,2026-06-25T05:19:16Z,
39627857948841228,0443p030,,,0,remove,1,,0,1,2026-06-25T05:19:11Z,
39627859316184289,1258p030,,,0,remove,1,,0,1,2026-06-25T05:19:31Z,
39627859316184354,1258p030,,,0,remove,1,test merger!,0,1,2026-06-25T05:19:40Z,
39627860050185584,1696p030,,,0,accept,1,,0,1,2026-06-25T05:19:41Z,
39627860050185590,1696p030,,,0,accept,1,,0,1,2026-06-25T05:19:43Z,
39627861040039790,2286p030,,,0,accept,1,,0,1,2026-06-25T05:19:44Z,
39627861040039839,2286p030,,,0,accept,1,,0,1,2026-06-25T05:19:43Z,
39627861090375890,2316p030,,,0,accept,1,,0,1,2026-06-25T05:21:40Z,
39627861283311973,2431p030,,,0,accept,1,,0,1,2026-06-25T05:19:58Z,
39627861283312023,2431p030,,,0,accept,1,,0,1,2026-06-25T05:20:05Z,
39627862965228038,3433p030,,,0,accept,1,,0,1,2026-06-25T05:20:06Z,
39627863976054408,0436p032,,,0,remove,1,,0,1,2026-06-25T05:20:38Z,
39627863976054458,0436p032,,,0,remove,1,,0,1,2026-06-25T05:21:13Z,
39627865590862285,1400p032,,,0,remove,1,,0,1,2026-06-25T05:20:40Z,
39627865590862317,1400p032,,,0,remove,1,,0,1,2026-06-25T05:20:39Z,
39627865590862323,1400p032,,,0,remove,1,,0,1,2026-06-25T05:21:05Z,
39627865611831387,1413p032,,,0,accept,1,,0,1,2026-06-25T05:20:24Z,
39627865758633650,1500p032,3,,1,accept,1,merger!,0,1,2026-06-25T05:20:35Z,
39627865842517664,1550p032,,,0,remove,1,,0,1,2026-06-25T05:21:08Z,
39627866022873921,1658p032,2,,1,accept,1,,0,1,2026-06-25T05:21:03Z,
39627866022873929,1658p032,2,,1,accept,1,test deblend!,0,1,2026-06-25T05:20:59Z,
39627866131923041,1723p032,,,0,remove,1,test deblend!,0,1,2026-06-25T05:21:19Z,
39627866358417038,1858p032,,,0,accept,1,,0,1,2026-06-25T05:21:11Z,
39627866421333393,1896p032,,,0,remove,1,,0,1,2026-06-25T05:21:14Z,
39627866572329263,1986p032,,,0,remove,1,,0,1,2026-06-25T05:21:20Z,
39627866597492435,2001p032,10;11;12,,3,remove,1,test deblend!,0,1,2026-06-25T05:21:31Z,
39627866622661494,2016p032,,,0,accept,1,,0,1,2026-06-25T05:21:33Z,
39627866689767786,2056p032,,,0,accept,1,,0,1,2026-06-25T05:21:38Z,
39627866740100980,2086p032,,,0,accept,1,,0,1,2026-06-25T05:21:34Z,
39627866882706788,2171p032,,,0,accept,1,,0,1,2026-06-25T05:21:37Z,
39627866882706808,2171p032,,,0,accept,1,,0,1,2026-06-25T05:21:38Z,
39627866891094974,2176p032,,,0,remove,1,,0,1,2026-06-25T05:23:52Z,
39627866891095009,2176p032,,,0,accept,1,,0,1,2026-06-25T05:24:23Z,
39627866891095024,2176p032,,,0,accept,1,,0,1,2026-06-25T05:24:27Z,
39627867109199478,2306p032,,,0,remove,1,,0,1,2026-06-25T05:21:42Z,
39627867293746491,2417p032,,,0,accept,1,,0,1,2026-06-25T05:21:45Z,
39627867394411599,2477p032,,,0,accept,1,,0,1,2026-06-25T05:21:46Z,
39627867482496549,2529p032,,,0,remove,1,,0,1,2026-06-25T05:21:48Z,
39627868640117573,3220p032,,,0,remove,1,,0,1,2026-06-25T05:21:49Z,
39627869596418202,0191p035,,,0,accept,1,,0,1,2026-06-25T05:21:52Z,
39627869604808945,0196p035,,,0,accept,1,,0,1,2026-06-25T05:22:07Z,
39627869755802821,0286p035,,,0,accept,1,,0,1,2026-06-25T05:21:54Z,
39627870024241455,0446p035,,,0,remove,1,test deblend!,0,1,2026-06-25T05:22:32Z,
39627871500633937,1328p035,,,0,accept,1,,0,1,2026-06-25T05:21:51Z,
39627871546771372,1355p035,,,0,accept,1,,0,1,2026-06-25T05:21:53Z,
39627871852956642,1538p035,,,0,remove,1,,1,1,2026-06-25T05:23:26Z,
39627872050089274,1656p035,1,,1,accept,1,test deblend!,0,1,2026-06-25T05:22:05Z,
39627872347883830,1833p035,,,0,remove,1,,0,1,2026-06-25T05:22:11Z,
39627872565985692,1963p035,,,0,remove,1,,0,1,2026-06-25T05:22:08Z,
39627872696009103,2041p035,,,0,remove,1,,0,1,2026-06-25T05:22:11Z,
39627874461811688,3095p035,,,0,remove,1,test deblenbd!,0,1,2026-06-25T05:22:42Z,
39627874537308646,3140p035,,,0,accept,1,,0,1,2026-06-25T05:22:10Z,
39627874675722915,3223p035,6,,1,accept,1,,0,1,2026-06-25T05:22:22Z,
39627874839300290,3320p035,,,0,accept,1,,0,1,2026-06-25T05:22:25Z,
39627875086764080,3468p035,,,0,remove,1,,0,1,2026-06-25T05:22:33Z,
39627875145482664,3503p035,,,0,accept,1,,0,1,2026-06-25T05:22:26Z,
39627875690744420,0229p037,,,0,accept,1,,0,1,2026-06-25T05:22:23Z,
39627876064036884,0451p037,,,0,accept,1,,0,1,2026-06-25T05:22:36Z,
39627876126952763,0489p037,,,0,accept,1,,0,1,2026-06-25T05:22:34Z,
39627877490101646,1303p037,,,0,accept,1,,0,1,2026-06-25T05:22:37Z,
39627877599152108,1368p037,,,0,accept,1,,0,1,2026-06-25T05:22:46Z,
39627878198938674,1726p037,,,0,accept,1,,0,1,2026-06-25T05:22:49Z,
39627879008439314,2209p037,,,0,remove,1,,0,1,2026-06-25T05:22:48Z,
39627879314625202,2392p037,,,0,accept,1,,0,1,2026-06-25T05:22:57Z,
39627879314625208,2392p037,,,0,accept,1,,0,1,2026-06-25T05:22:56Z,
39627879461421306,2479p037,,,0,remove,1,,0,1,2026-06-25T05:22:51Z,
39627879461425280,2479p037,,,0,remove,1,,0,1,2026-06-25T05:22:50Z,
39627880866517345,3318p037,,,0,accept,1,,0,1,2026-06-25T05:22:53Z,
39627881244003853,3543p037,,,0,accept,1,,0,1,2026-06-25T05:22:53Z,
39627881244003955,3543p037,,,0,accept,1,,0,1,2026-06-25T05:22:54Z,
39627881336275553,3598p037,,,0,accept,1,,0,1,2026-06-25T05:22:58Z,
39627881378223570,0023p040,4,,1,accept,1,,0,1,2026-06-25T05:23:02Z,
39627881646658703,0184p040,,,0,accept,1,,0,1,2026-06-25T05:23:03Z,
39627881655048135,0189p040,,,0,accept,1,,0,1,2026-06-25T05:23:06Z,
39627881659238563,0191p040,,,0,remove,1,,0,1,2026-06-25T05:24:29Z,
39627881868953451,0316p040,,,0,remove,1,,0,1,2026-06-25T05:23:05Z,
39627881982200067,0384p040,,,0,accept,1,,0,1,2026-06-25T05:23:07Z,
39627882070284397,0436p040,,,0,accept,1,,0,1,2026-06-25T05:23:44Z,
39627883785752428,1460p040,,,0,accept,1,,0,1,2026-06-25T05:23:13Z,
39627884104517193,1651p040,,,0,accept,1,,0,1,2026-06-25T05:23:08Z,
39627885148901714,2274p040,,,0,accept,1,,0,1,2026-06-25T05:23:12Z,
39627885224396641,2319p040,,,0,accept,1,,0,1,2026-06-25T05:23:10Z,
39627885278920810,2352p040,,,0,accept,1,,0,1,2026-06-25T05:23:11Z,
39627885287310457,2357p040,,,0,accept,1,,0,1,2026-06-25T05:23:28Z,
39627885488642216,2477p040,,,0,accept,1,,0,1,2026-06-25T05:23:09Z,
39627885643826395,2569p040,,,0,accept,1,,0,1,2026-06-25T05:23:10Z,
39627886574961373,3125p040,1;2,,2,remove,1,,0,1,2026-06-25T05:24:11Z,
39627886633686002,3160p040,,,0,accept,1,,0,1,2026-06-25T05:23:14Z,
39627886713376305,3208p040,,,0,remove,1,,0,1,2026-06-25T05:23:15Z,
39627886881147448,3308p040,,,0,accept,1,,0,1,2026-06-25T05:23:31Z,
39627886881147524,3308p040,,,0,accept,1,,0,1,2026-06-25T05:23:42Z,
39627887279608246,3546p040,,,0,accept,1,,0,1,2026-06-25T05:23:16Z,
39627887917139192,0326p042,4,,1,accept,1,merger test!,0,1,2026-06-25T05:23:24Z,
39627887938114639,0339p042,,,0,accept,1,,0,1,2026-06-25T05:23:47Z,
39627888026195036,0391p042,,,0,accept,1,,0,1,2026-06-25T05:23:30Z,
39627888047162173,0404p042,,,0,accept,1,test deblend!,0,1,2026-06-25T05:23:39Z,
39627889959765208,1545p042,,,0,remove,1,,1,1,2026-06-25T05:25:14Z,
39627890576331489,1913p042,,,0,accept,1,,0,1,2026-06-25T05:23:29Z,
39627890664409486,1966p042,,,0,accept,1,,0,1,2026-06-25T05:23:40Z,
39627890794435713,2044p042,,,0,accept,1,,0,1,2026-06-25T05:23:41Z,
39627890794435743,2044p042,,,0,accept,1,,0,1,2026-06-25T05:23:44Z,
39627890836375256,2069p042,,,0,accept,1,,0,1,2026-06-25T05:23:43Z,
39627890886705318,2099p042,,,0,remove,1,,1,1,2026-06-25T05:25:16Z,
39627890991565495,2161p042,,,0,accept,1,,0,1,2026-06-25T05:23:46Z,
39627891117392489,2236p042,,,0,accept,1,,0,1,2026-06-25T05:23:45Z,
39627891121587738,2239p042,,,0,remove,1,,0,1,2026-06-25T05:23:55Z,
39627891406799064,2409p042,,,0,accept,1,,0,1,2026-06-25T05:24:19Z,
39627891553605247,2497p042,9,,1,remove,1,,0,1,2026-06-25T05:24:04Z,
39627891570382106,2507p042,,,0,remove,1,,0,1,2026-06-25T05:24:12Z,
39627891578767493,2512p042,,,0,remove,1,,0,1,2026-06-25T05:23:58Z,
39627891629097352,2542p042,,,0,accept,1,,0,1,2026-06-25T05:23:56Z,
39627891645874963,2552p042,,,0,remove,1,,0,1,2026-06-25T05:24:15Z,
39627892975472207,3345p042,,,0,accept,1,,0,1,2026-06-25T05:24:17Z,
39627892975472223,3345p042,,,0,accept,1,,0,1,2026-06-25T05:24:16Z,
39627893042581084,3385p042,,,0,accept,1,,0,1,2026-06-25T05:24:21Z,
39627893189378101,3473p042,,,0,accept,1,,0,1,2026-06-25T05:24:33Z,
39627893189378116,3473p042,,,0,accept,1,,0,1,2026-06-25T05:24:38Z,
39627893835307165,0259p045,,,0,remove,1,,0,1,2026-06-25T05:26:19Z,
39627894107931140,0422p045,,,0,remove,1,,0,1,2026-06-25T05:24:30Z,
39627894116327156,0427p045,,,0,accept,1,,0,1,2026-06-25T05:24:37Z,
39627894128907283,0434p045,,,0,accept,1,,0,1,2026-06-25T05:24:52Z,
39627895462693602,1232p045,,,0,remove,1,,0,1,2026-06-25T05:24:51Z,
39627895840178874,1457p045,,,0,remove,1,,0,1,2026-06-25T05:24:35Z,
39627895907289308,1497p045,,,0,remove,1,,0,1,2026-06-25T05:24:36Z,
39627896117003621,1623p045,,,0,accept,1,,0,1,2026-06-25T05:24:40Z,
39627897094277897,2207p045,,,0,remove,1,,0,1,2026-06-25T05:24:48Z,
39627897094277908,2207p045,,,0,remove,1,,0,1,2026-06-25T05:24:49Z,
39627897513707459,2458p045,,,0,accept,1,,0,1,2026-06-25T05:24:45Z,
39627897572429389,2493p045,,,0,remove,1,,0,1,2026-06-25T05:24:43Z,
39627897601791925,2510p045,,,0,remove,1,,0,1,2026-06-25T05:24:50Z,
39627897626958120,2525p045,,,0,accept,1,,0,1,2026-06-25T05:24:53Z,
39627897639538390,2533p045,,,0,accept,1,,0,1,2026-06-25T05:25:08Z,
39627897698257925,2568p045,,,0,remove,1,,0,1,2026-06-25T05:24:56Z,
39627899208205764,3470p045,,,0,remove,1,,0,1,2026-06-25T05:24:54Z,
39627899212402498,3473p045,,,0,accept,1,,0,1,2026-06-25T05:25:02Z,
39627899334037901,3546p045,,,0,accept,1,,0,1,2026-06-25T05:25:11Z,
39627899476642568,0031p047,,,0,accept,1,,0,1,2026-06-25T05:25:08Z,
39627899623444569,0119p047,,,0,accept,1,,0,1,2026-06-25T05:25:10Z,
39627899636026272,0126p047,,,0,remove,1,,0,1,2026-06-25T05:24:55Z,
39627900168704501,0444p047,,,0,accept,1,,0,1,2026-06-25T05:25:03Z,
39627902207133256,1663p047,,,0,remove,1,,0,1,2026-06-25T05:25:06Z,
39627902207133319,1663p047,,,0,remove,1,,0,1,2026-06-25T05:25:06Z,
39627902303604440,1721p047,,,0,remove,1,,0,1,2026-06-25T05:25:17Z,
39627902668510595,1939p047,,,0,remove,1,,1,1,2026-06-25T05:26:22Z,
39627902760784028,1994p047,,,0,accept,1,,0,1,2026-06-25T05:25:18Z,
39627903276679671,2302p047,,,0,accept,1,,0,1,2026-06-25T05:25:23Z,
39627903352177656,2347p047,,,0,accept,1,,0,1,2026-06-25T05:25:24Z,
39627903620613740,2508p047,,,0,remove,1,,0,1,2026-06-25T05:25:21Z,
39627903620619642,2508p047,,,0,remove,1,,0,1,2026-06-25T05:25:20Z,
39627904748883997,3182p047,,,0,remove,1,,0,1,2026-06-25T05:25:46Z,
39627904966988231,3312p047,,,0,remove,1,,0,1,2026-06-25T05:25:43Z,
39627905214450807,3460p047,,,0,accept,1,,0,1,2026-06-25T05:25:41Z,
39627905659046238,0126p050,0;1,,2,accept,1,merger!,0,1,2026-06-25T05:25:40Z,
39627905965229555,0309p050,,,0,accept,1,,0,1,2026-06-25T05:25:47Z,
39627905973617985,0314p050,,,0,remove,1,,0,1,2026-06-25T05:25:26Z,
39627906002981591,0332p050,,,0,remove,1,,0,1,2026-06-25T05:28:18Z,
39627906015563917,0339p050,,,0,remove,1,,0,1,2026-06-25T05:25:44Z,
39627906124612034,0404p050,,,0,remove,1,,0,1,2026-06-25T05:25:27Z,
39627906128812395,0407p050,,,0,remove,1,,0,1,2026-06-25T05:25:28Z,
39627906179139211,0437p050,,,0,remove,1,test deblend,1,1,2026-06-25T05:27:27Z,
39627906191722764,0444p050,,,0,remove,1,,0,1,2026-06-25T05:26:01Z,
39627907508736872,1232p050,,,0,remove,1,test deblend,0,1,2026-06-25T05:26:08Z,
39627907575843620,1272p050,1,,1,accept,1,,0,1,2026-06-25T05:25:55Z,
39627908142073207,1610p050,,,0,remove,1,,0,1,2026-06-25T05:25:44Z,
39627908225959548,1660p050,,,0,remove,1,,0,1,2026-06-25T05:25:49Z,
39627908687335250,1936p050,,,0,accept,1,,0,1,2026-06-25T05:26:09Z,
39627908918019115,2074p050,,,0,accept,1,,0,1,2026-06-25T05:25:56Z,
39627908934798003,2084p050,,,0,accept,1,,1,1,2026-06-25T05:27:17Z,
39627908951574811,2094p050,,,0,accept,1,,0,1,2026-06-25T05:25:57Z,
39627909186455243,2234p050,0,,1,accept,1,,0,1,2026-06-25T05:26:15Z,
39627909245174015,2270p050,,,0,accept,1,,0,1,2026-06-25T05:25:57Z,
39627909249369167,2272p050,,,0,remove,1,,0,1,2026-06-25T05:26:17Z,
39627909366811829,2342p050,,,0,remove,1,,0,1,2026-06-25T05:26:25Z,
39627909375199234,2347p050,,,0,remove,1,,0,1,2026-06-25T05:26:25Z,
39627909530390244,2440p050,,,0,remove,1,,0,1,2026-06-25T05:26:24Z,
39627910704795860,3142p050,,,0,accept,1,,0,1,2026-06-25T05:26:30Z,
39627910704795889,3142p050,,,0,accept,1,,0,1,2026-06-25T05:26:29Z,
39627910797071636,3197p050,,,0,remove,1,,0,1,2026-06-25T05:26:41Z,
39627910977422838,3305p050,9,,1,accept,1,,0,1,2026-06-25T05:26:39Z,
39627910977423220,3305p050,,,0,remove,1,,0,1,2026-06-25T05:26:51Z,
39627911493327038,0013p052,,,0,remove,1,,0,1,2026-06-25T05:26:50Z,
39627911795310686,0194p052,,,0,remove,1,,0,1,2026-06-25T05:27:07Z,
39627911958889722,0292p052,,,0,accept,1,,0,1,2026-06-25T05:26:27Z,
39627912223135646,0450p052,,,0,remove,1,,0,1,2026-06-25T05:26:48Z,
39627913712110738,1339p052,,,0,accept,1,,0,1,2026-06-25T05:26:28Z,
39627914311895229,1698p052,,,0,accept,1,,0,1,2026-06-25T05:26:27Z,
39627914412559251,1758p052,,,0,remove,1,,0,1,2026-06-25T05:26:46Z,
39627914685187564,1921p052,,,0,remove,1,,0,1,2026-06-25T05:28:02Z,
39627914722935489,1944p052,,,0,accept,1,,0,1,2026-06-25T05:26:45Z,
39627914974597258,2094p052,,,0,remove,1,,0,1,2026-06-25T05:26:42Z,
39627915079452777,2157p052,,,0,accept,1,,0,1,2026-06-25T05:26:44Z,
39627915150755591,2199p052,,,0,accept,1,,0,1,2026-06-25T05:28:25Z,
39627915360474335,2325p052,,,0,remove,1,,0,1,2026-06-25T05:27:05Z,
39627915519857349,2420p052,,,0,remove,1,test deblend!,0,1,2026-06-25T05:27:13Z,
39627915519857359,2420p052,,,0,remove,1,,0,1,2026-06-25T05:27:20Z,
39627916744592224,3152p052,,,0,remove,1,,0,1,2026-06-25T05:27:14Z,
39627917013027480,3312p052,,,0,remove,1,test deblend! merger??,0,1,2026-06-25T05:27:00Z,
39627917033996733,3325p052,,,0,accept,1,,0,1,2026-06-25T05:26:53Z,
39627917285659060,3475p052,,,0,remove,1,,0,1,2026-06-25T05:27:15Z,
39627917306626434,3488p052,,,0,accept,1,,0,1,2026-06-25T05:27:28Z,
39627917533122838,0023p055,,,0,remove,1,test deblend!,0,1,2026-06-25T05:27:33Z,
39627917684116668,0114p055,,,0,accept,1,,0,1,2026-06-25T05:27:35Z,
39627917835109490,0204p055,,,0,remove,1,,0,1,2026-06-25T05:27:39Z,
39627918141295732,0387p055,,,0,accept,1,,0,1,2026-06-25T05:27:44Z,
39627919663825705,1299p055,,,0,remove,1,,0,1,2026-06-25T05:27:38Z,
39627919886128230,1432p055,,,0,remove,1,,0,1,2026-06-25T05:27:37Z,
39627921068917362,2140p055,,,0,accept,1,,0,1,2026-06-25T05:28:00Z,
39627921068917390,2140p055,,,0,accept,1,,0,1,2026-06-25T05:27:46Z,
39627921068917429,2140p055,,,0,accept,1,,0,1,2026-06-25T05:27:45Z,
39627921169584741,2200p055,,,0,accept,1,,0,1,2026-06-25T05:28:35Z,
39627921194749549,2215p055,,,0,accept,1,,0,1,2026-06-25T05:28:00Z,
39627921194749585,2215p055,,,0,accept,1,,0,1,2026-06-25T05:27:58Z,
39627921513513131,2406p055,,,0,accept,1,,0,1,2026-06-25T05:28:05Z,
39627922834722064,3197p055,,,0,remove,1,,0,1,2026-06-25T05:27:47Z,
39627923145099234,3382p055,,,0,remove,1,,0,1,2026-06-25T05:27:48Z,
39627923212209600,3423p055,,,0,remove,1,,0,1,2026-06-25T05:28:27Z,
39627923216405221,3425p055,,,0,accept,1,,0,1,2026-06-25T05:27:50Z,
39627923216405799,3425p055,3,,1,accept,1,,0,1,2026-06-25T05:27:57Z,
39627923816186534,0184p057,,,0,accept,1,,0,1,2026-06-25T05:28:15Z,
39627924017518508,0305p057,,,0,remove,1,,0,1,2026-06-25T05:28:13Z,
39627924139151442,0377p057,,,0,accept,1,,0,1,2026-06-25T05:28:11Z,
39627924155926457,0387p057,,,0,accept,1,,0,1,2026-06-25T05:28:14Z,
39627925779122543,1359p057,1,,1,accept,1,,0,1,2026-06-25T05:28:10Z,
39627927112914039,2157p057,,,0,accept,1,,0,1,2026-06-25T05:28:20Z,
39627927150662546,2180p057,,,0,accept,1,,0,1,2026-06-25T05:28:16Z,
39627927171632327,2192p057,,,0,accept,1,,0,1,2026-06-25T05:28:22Z,
39627927284876972,2260p057,,,0,accept,1,,0,1,2026-06-25T05:28:22Z,
39627927502979818,2391p057,,,0,remove,1,,0,1,2026-06-25T05:28:26Z,
39627928702554735,3109p057,,,0,remove,1,,0,1,2026-06-25T05:28:28Z,
39627928933240658,3247p057,,,0,accept,1,,0,1,2026-06-25T05:28:49Z,
39627929134565710,3367p057,,,0,remove,1,,0,1,2026-06-25T05:28:36Z,
39627929457525011,3561p057,,,0,accept,1,,0,1,2026-06-25T05:28:37Z,
39627929688212881,0099p060,,,0,remove,1,test deblend!,0,1,2026-06-25T05:28:42Z,
39627929814041623,0174p060,,,0,accept,1,,0,1,2026-06-25T05:29:01Z,
39627929839207065,0189p060,,,0,accept,1,,0,1,2026-06-25T05:29:02Z,
39627929839209065,0189p060,,,0,accept,1,,0,1,2026-06-25T05:28:43Z,
39627929944067264,0252p060,28;31,,2,accept,1,,0,1,2026-06-25T05:29:29Z,
39627930262832078,0443p060,,,0,remove,1,,0,1,2026-06-25T05:28:55Z,
39627930267028215,0445p060,,,0,remove,1,test deblend!,0,1,2026-06-25T05:28:55Z,
39627930271220199,0448p060,,,0,accept,1,,0,1,2026-06-25T05:29:05Z,
39627933647635833,2469p060,,,0,accept,1,,0,1,2026-06-25T05:28:58Z,
39627933769269522,2541p060,,,0,remove,1,,0,1,2026-06-25T05:29:15Z,
39627934754936969,3131p060,,,0,remove,1,,0,1,2026-06-25T05:28:59Z,
39627934855600774,3192p060,,,0,remove,1,,0,1,2026-06-25T05:28:57Z,
39627934884958863,3209p060,,,0,accept,1,,0,1,2026-06-25T05:29:06Z,
39627934931096094,3237p060,,,0,accept,1,,0,1,2026-06-25T05:29:07Z,
39627934931096142,3237p060,,,0,accept,1,,0,1,2026-06-25T05:29:08Z,
39627935010787550,3284p060,,,0,remove,1,,0,1,2026-06-25T05:29:09Z,
39627935044342137,3305p060,,,0,accept,1,,0,1,2026-06-25T05:29:34Z,
39627935245668411,3425p060,,,0,remove,1,,0,1,2026-06-25T05:29:30Z,
39627935388274299,3510p060,,,0,remove,1,,0,1,2026-06-25T05:29:31Z,
39627935392468221,3513p060,,,0,remove,1,,0,1,2026-06-25T05:29:12Z,
39627936084529005,0328p062,,,0,accept,1,,0,1,2026-06-25T05:29:37Z,
39627936248105891,0426p062,,,0,remove,1,,0,1,2026-06-25T05:29:36Z,
39627939179924552,2183p062,,,0,remove,1,,0,1,2026-06-25T05:29:38Z,
39627939213476475,2203p062,,,0,accept,1,,0,1,2026-06-25T05:29:40Z,
39627939343503418,2281p062,,,0,accept,1,,1,1,2026-06-25T05:30:21Z,
39627939607744389,2439p062,,,0,remove,1,,0,1,2026-06-25T05:29:42Z,
39627939729376624,2512p062,,,0,accept,1,,0,1,2026-06-25T05:29:43Z,
39627939804876798,2557p062,,,0,remove,1,,0,1,2026-06-25T05:29:44Z,
39627940857648006,3188p062,,,0,remove,1,,0,1,2026-06-25T05:29:47Z,
39627940861839267,3191p062,,,0,remove,1,,0,1,2026-06-25T05:29:46Z,
39627941193190177,3390p062,,,0,accept,1,,0,1,2026-06-25T05:29:52Z,
39627941486792245,3566p062,,,0,accept,1,,0,1,2026-06-25T05:29:50Z,
39627942027854233,0290p065,,,0,accept,1,,0,1,2026-06-25T05:29:49Z,
39627942187238841,0385p065,,,0,accept,1,,0,1,2026-06-25T05:29:51Z,
39627942271128399,0436p065,,,0,accept,1,,0,1,2026-06-25T05:30:06Z,
39627943642663972,1258p065,,,0,remove,1,,0,1,2026-06-25T05:29:53Z,
39627944829653413,1969p065,,,0,remove,1,,0,1,2026-06-25T05:29:58Z,
39627944951287823,2042p065,,,0,accept,1,merger1,0,1,2026-06-25T05:30:05Z,
39627945072919832,2115p065,,,0,accept,1,,0,1,2026-06-25T05:30:07Z,
39627945077114366,2118p065,,,0,accept,1,,0,1,2026-06-25T05:29:56Z,
39627945169391805,2173p065,,,0,remove,1,,0,1,2026-06-25T05:30:13Z,
39627945169391841,2173p065,,,0,accept,1,,0,1,2026-06-25T05:30:09Z,
39627945181971450,2180p065,,,0,accept,1,,0,1,2026-06-25T05:30:08Z,
39627945345550710,2278p065,,,0,remove,1,,0,1,2026-06-25T05:30:15Z,
39627945655928475,2464p065,,,0,remove,1,,0,1,2026-06-25T05:30:12Z,
39627945819506523,2562p065,,,0,remove,1,,0,1,2026-06-25T05:30:11Z,
39627945832095381,2570p065,,,0,accept,1,,0,1,2026-06-25T05:30:10Z,
39627945840478703,2575p065,,,0,remove,1,,0,1,2026-06-25T05:30:14Z,
39627946914219062,3219p065,,,0,remove,1,,0,1,2026-06-25T05:30:13Z,
39627947400758964,3510p065,,,0,accept,1,,0,1,2026-06-25T05:30:17Z,
39627947400759019,3510p065,,,0,accept,1,,0,1,2026-06-25T05:30:18Z,
39627947400759053,3510p065,,,0,accept,1,,0,1,2026-06-25T05:30:19Z,
39627947488841970,3563p065,,,0,accept,1,,0,1,2026-06-25T05:30:21Z,
39627947627250039,0046p067,,,0,accept,1,,0,1,2026-06-25T05:30:26Z,
39627947895686643,0207p067,,,0,remove,1,,0,1,2026-06-25T05:30:25Z,
39627947899879815,0209p067,,,0,remove,1,,0,1,2026-06-25T05:30:28Z,
39627950026395281,1484p067,,,0,accept,1,,0,1,2026-06-25T05:30:23Z,
39627950785565377,1939p067,,,0,accept,1,,0,1,2026-06-25T05:30:31Z,
39627952924656180,3221p067,,,0,remove,1,,0,1,2026-06-25T05:30:29Z,
39627952924656185,3221p067,,,0,remove,1,,0,1,2026-06-25T05:30:29Z,
