name,host,survey,m_g,g_r,converted_from_gi,dist_mpc,dist_sbf_mpc
NGC247,NGC253,ELVES (Carlsten+22),9.44,0.47999999999999865,False,3.56,
dw0047m2623,NGC253,ELVES (Carlsten+22),18.89,0.5600000000000023,False,3.56,
dw0049m2100,NGC253,ELVES (Carlsten+22),15.07,0.17999999999999972,False,3.56,
dw0050m2444,NGC253,ELVES (Carlsten+22),18.22,0.2699999999999996,False,3.56,
dw0055m2309,NGC253,ELVES (Carlsten+22),17.49,0.34999999999999787,False,3.56,
dw0132p1422,NGC628,ELVES (Carlsten+22),16.05,0.20000000000000107,False,9.77,
dw0133p1543,NGC628,ELVES (Carlsten+22),19.94,0.5600000000000023,False,9.77,9.18
dw0134p1544,NGC628,ELVES (Carlsten+22),17.57,0.5,False,9.77,10.5
dw0134p1438,NGC628,ELVES (Carlsten+22),17.06,0.1999999999999993,False,9.77,
dw0136p1628,NGC628,ELVES (Carlsten+22),17.75,0.5599999999999987,False,9.77,9.45
dw0137p1537,NGC628,ELVES (Carlsten+22),17.86,0.620000000000001,False,9.77,10.12
dw0137p1607,NGC628,ELVES (Carlsten+22),20.2,0.629999999999999,False,9.77,9.05
dw0138p1458,NGC628,ELVES (Carlsten+22),16.98,0.370000000000001,False,9.77,8.61
UGC1171,NGC628,ELVES (Carlsten+22),15.71,0.26000000000000156,False,9.77,10.13
dw0139p1433,NGC628,ELVES (Carlsten+22),17.89,0.3000000000000007,False,9.77,10.82
dw0140p1556,NGC628,ELVES (Carlsten+22),18.64,0.1700000000000017,False,9.77,11.78
UGC1176,NGC628,ELVES (Carlsten+22),14.24,0.3800000000000008,False,9.77,
dw0143p1541,NGC628,ELVES (Carlsten+22),15.75,0.40000000000000036,False,9.77,8.64
dw0221p4221,NGC891,ELVES (Carlsten+22),17.28,0.490000000000002,False,9.12,10.48
UGC1807,NGC891,ELVES (Carlsten+22),13.86,0.33999999999999986,False,9.12,
dw0222p4242,NGC891,ELVES (Carlsten+22),17.13,0.36999999999999744,False,9.12,10.28
dw0235p3850,NGC1023,ELVES (Carlsten+22),16.82,0.4196078431372545,True,10.4,11.69
IC239,NGC1023,ELVES (Carlsten+22),,,False,10.4,
dw0237p3855,NGC1023,ELVES (Carlsten+22),15.24,0.4784313725490203,True,10.4,7.06
dw0237p3836,NGC1023,ELVES (Carlsten+22),18.2,0.4392156862745102,True,10.4,10.57
dw0239p3926,NGC1023,ELVES (Carlsten+22),18.21,0.42614379084967385,True,10.4,10.85
dw0239p3903,NGC1023,ELVES (Carlsten+22),20.62,0.3934640522875819,True,10.4,8.63
dw0239p3902,NGC1023,ELVES (Carlsten+22),20.58,0.5568627450980371,True,10.4,11.51
UGC2157,NGC1023,ELVES (Carlsten+22),14.24,0.44575163398692835,True,10.4,
dw0240p3854,NGC1023,ELVES (Carlsten+22),16.78,0.288888888888889,True,10.4,11.21
dw0240p3903,NGC1023,ELVES (Carlsten+22),14.91,1.7725490196078428,True,10.4,
dw0240p3922,NGC1023,ELVES (Carlsten+22),16.68,0.1843137254901961,True,10.4,11.59
dw0241p3904,NGC1023,ELVES (Carlsten+22),15.56,0.288888888888889,True,10.4,12.4
UGC2165,NGC1023,ELVES (Carlsten+22),14.04,0.6026143790849665,True,10.4,10.75
dw0242p3838,NGC1023,ELVES (Carlsten+22),20.6,0.00784313725490224,True,10.4,9.86
dw0309m4104,NGC1291,ELVES (Carlsten+22),19.19,0.5500000000000007,False,9.08,8.74
dw0309m4101,NGC1291,ELVES (Carlsten+22),12.59,0.47000000000000064,False,9.08,
dw0310m4000,NGC1291,ELVES (Carlsten+22),15.61,0.20999999999999908,False,9.08,
dw0315m4040,NGC1291,ELVES (Carlsten+22),18.13,0.5700000000000003,False,9.08,7.81
dw0317m4142,NGC1291,ELVES (Carlsten+22),16.92,0.5800000000000018,False,9.08,9.03
dw0317m4058,NGC1291,ELVES (Carlsten+22),17.05,0.6500000000000021,False,9.08,7.08
dw0317m4141,NGC1291,ELVES (Carlsten+22),17.15,0.46999999999999886,False,9.08,10.39
dw0318m4101,NGC1291,ELVES (Carlsten+22),18.63,0.5799999999999983,False,9.08,8.1
dw0318m4211,NGC1291,ELVES (Carlsten+22),20.35,0.5300000000000011,False,9.08,7.32
dw0319m4126,NGC1291,ELVES (Carlsten+22),17.47,0.5999999999999979,False,9.08,8.33
dw0320m4048,NGC1291,ELVES (Carlsten+22),19.27,0.5500000000000007,False,9.08,7.04
dw0321m4159,NGC1291,ELVES (Carlsten+22),16.27,0.41999999999999993,False,9.08,8.8
dw0323m4040,NGC1291,ELVES (Carlsten+22),15.94,0.5999999999999996,False,9.08,7.68
dw0325m4113,NGC1291,ELVES (Carlsten+22),17.94,0.5500000000000007,False,9.08,8.7
NGC1792,NGC1808,ELVES (Carlsten+22),10.48,0.6600000000000001,False,9.29,
dw0506m3739,NGC1808,ELVES (Carlsten+22),19.83,0.5499999999999972,False,9.29,9.76
dw0507m3629,NGC1808,ELVES (Carlsten+22),18.73,0.5100000000000016,False,9.29,10.9
dw0507m3739,NGC1808,ELVES (Carlsten+22),17.84,0.5500000000000007,False,9.29,8.2
dw0507m3744,NGC1808,ELVES (Carlsten+22),16.92,0.5500000000000007,False,9.29,9.78
dw0507m3800,NGC1808,ELVES (Carlsten+22),17.96,0.5300000000000011,False,9.29,10.42
dw0508m3818,NGC1808,ELVES (Carlsten+22),11.81,0.3800000000000008,False,9.29,
dw0508m3617,NGC1808,ELVES (Carlsten+22),19.47,0.5299999999999976,False,9.29,10.99
dw0508m3808,NGC1808,ELVES (Carlsten+22),16.82,0.5700000000000003,False,9.29,10.12
NGC1827,NGC1808,ELVES (Carlsten+22),12.73,0.4900000000000002,False,9.29,
dw0848p3226,NGC2683,ELVES (Carlsten+22),20.01,0.7100000000000009,False,9.4,7.3
dw0852p3347,NGC2683,ELVES (Carlsten+22),16.37,0.33000000000000185,False,9.4,
dw0853p3318,NGC2683,ELVES (Carlsten+22),18.4,0.379999999999999,False,9.4,10.46
dw0855p3336,NGC2683,ELVES (Carlsten+22),18.7,0.5500000000000007,False,9.4,8.72
dw0855p3333,NGC2683,ELVES (Carlsten+22),16.68,0.5700000000000003,False,9.4,8.51
dw0856p3155,NGC2683,ELVES (Carlsten+22),18.95,0.5700000000000003,False,9.4,9.11
dw0929p2213,NGC2903,ELVES (Carlsten+22),20.59,0.41999999999999815,False,9.0,9.83
dw0930p1959,NGC2903,ELVES (Carlsten+22),16.65,0.36999999999999744,False,9.0,9.04
dw0930p2143,NGC2903,ELVES (Carlsten+22),18.96,0.240000000000002,False,9.0,8.58
dw0932p1952,NGC2903,ELVES (Carlsten+22),19.33,0.5799999999999983,False,9.0,7.99
UGC5086,NGC2903,ELVES (Carlsten+22),15.74,0.5899999999999999,False,9.0,8.67
dw0933p2030,NGC2903,ELVES (Carlsten+22),17.39,0.46000000000000085,False,9.0,9.38
dw0936p2135,NGC2903,ELVES (Carlsten+22),17.84,0.4400000000000013,False,9.0,8.19
dw1000m0741,NGC3115,ELVES (Carlsten+22),17.46,0.5899999999999999,False,10.2,8.92
dw1000m0821,NGC3115,ELVES (Carlsten+22),15.87,0.5800000000000001,False,10.2,9.29
dw1000m0831,NGC3115,ELVES (Carlsten+22),20.3,0.5300000000000011,False,10.2,11.35
dw1001m0631,NGC3115,ELVES (Carlsten+22),15.7,0.33000000000000007,False,10.2,
dw1001m0814,NGC3115,ELVES (Carlsten+22),14.82,0.40000000000000036,False,10.2,
dw1002m0818,NGC3115,ELVES (Carlsten+22),20.09,0.5899999999999999,False,10.2,10.7
dw1002m0642,NGC3115,ELVES (Carlsten+22),21.0,0.46000000000000085,False,10.2,9.25
dw1004m0737,NGC3115,ELVES (Carlsten+22),18.92,0.5,False,10.2,10.79
dw1004m0657,NGC3115,ELVES (Carlsten+22),19.1,0.5700000000000003,False,10.2,8.75
dw1005m0744,NGC3115,ELVES (Carlsten+22),15.73,0.5999999999999996,False,10.2,
dw1005m0758,NGC3115,ELVES (Carlsten+22),13.03,0.7099999999999991,False,10.2,
dw1006m0730,NGC3115,ELVES (Carlsten+22),18.43,0.6099999999999994,False,10.2,10.18
dw1006m0732,NGC3115,ELVES (Carlsten+22),19.17,0.5400000000000027,False,10.2,10.52
dw1006m0730-n2,NGC3115,ELVES (Carlsten+22),19.49,0.5399999999999991,False,10.2,8.33
dw1007m0835,NGC3115,ELVES (Carlsten+22),21.1,0.6300000000000026,False,10.2,8.23
dw1007m0715,NGC3115,ELVES (Carlsten+22),17.36,0.5399999999999991,False,10.2,8.96
dw1007m0830,NGC3115,ELVES (Carlsten+22),19.89,0.46999999999999886,False,10.2,11.07
dw1042p2415,NGC3344,ELVES (Carlsten+22),17.24,0.509999999999998,False,9.82,10.03
dw1042p2501,NGC3344,ELVES (Carlsten+22),20.79,0.4399999999999977,False,9.82,10.57
dw1045p2427,NGC3344,ELVES (Carlsten+22),19.8,0.490000000000002,False,9.82,9.76
dw1039p1238,NGC3379,ELVES (Carlsten+22),16.51,0.5,False,10.7,
UGC5812,NGC3379,ELVES (Carlsten+22),15.0,0.41999999999999993,False,10.7,
dw1042p1220,NGC3379,ELVES (Carlsten+22),15.39,0.41999999999999993,False,10.7,
dw1042p1208,NGC3379,ELVES (Carlsten+22),17.0,0.620000000000001,False,10.7,
dw1042p1359,NGC3379,ELVES (Carlsten+22),20.81,0.5299999999999976,False,10.7,10.51
dw1043p1410,NGC3379,ELVES (Carlsten+22),19.81,0.35999999999999943,False,10.7,11.92
dw1043p1415,NGC3379,ELVES (Carlsten+22),19.77,0.6099999999999994,False,10.7,12.24
M95,NGC3379,ELVES (Carlsten+22),,,False,10.7,
dw1044p1359,NGC3379,ELVES (Carlsten+22),20.55,0.5600000000000023,False,10.7,10.6
dw1044p1356,NGC3379,ELVES (Carlsten+22),16.03,0.5200000000000014,False,10.7,11.13
dw1044p1351,NGC3379,ELVES (Carlsten+22),19.47,0.509999999999998,False,10.7,11.49
dw1044p1351b,NGC3379,ELVES (Carlsten+22),19.76,0.4700000000000024,False,10.7,10.65
dw1044p1154,NGC3379,ELVES (Carlsten+22),17.37,0.2900000000000027,False,10.7,9.99
dw1046p1257,NGC3379,ELVES (Carlsten+22),18.55,0.5899999999999999,False,10.7,12.45
dw1046p1401,NGC3379,ELVES (Carlsten+22),17.05,0.5899999999999999,False,10.7,11.08
dw1046p1145,NGC3379,ELVES (Carlsten+22),17.94,0.6300000000000026,False,10.7,11.02
dw1046p1219,NGC3379,ELVES (Carlsten+22),16.6,0.6300000000000008,False,10.7,10.99
M96,NGC3379,ELVES (Carlsten+22),,,False,10.7,
dw1046p1244,NGC3379,ELVES (Carlsten+22),17.86,0.41000000000000014,False,10.7,11.17
dw1046p1247,NGC3379,ELVES (Carlsten+22),18.4,0.629999999999999,False,10.7,11.68
dw1046p1259,NGC3379,ELVES (Carlsten+22),17.09,0.6099999999999994,False,10.7,8.48
dw1047p1257,NGC3379,ELVES (Carlsten+22),18.78,0.6500000000000021,False,10.7,11.56
dw1047p1153,NGC3379,ELVES (Carlsten+22),20.98,0.5500000000000007,False,10.7,9.35
dw1047p1248,NGC3379,ELVES (Carlsten+22),18.67,0.40000000000000213,False,10.7,10.72
dw1047p1202,NGC3379,ELVES (Carlsten+22),19.57,0.5599999999999987,False,10.7,11.24
dw1047p1258,NGC3379,ELVES (Carlsten+22),19.59,0.6600000000000001,False,10.7,11.0
NGC3377,NGC3379,ELVES (Carlsten+22),,,False,10.7,
dw1048p1158,NGC3379,ELVES (Carlsten+22),19.35,0.5899999999999999,False,10.7,11.03
NGC3384,NGC3379,ELVES (Carlsten+22),,,False,10.7,
dw1048p1154,NGC3379,ELVES (Carlsten+22),19.34,0.5,False,10.7,10.75
dw1048p1303,NGC3379,ELVES (Carlsten+22),19.43,0.379999999999999,False,10.7,10.9
dw1048p1259,NGC3379,ELVES (Carlsten+22),19.86,0.5999999999999979,False,10.7,11.81
dw1048p1407,NGC3379,ELVES (Carlsten+22),15.29,0.629999999999999,False,10.7,12.67
dw1049p1247,NGC3379,ELVES (Carlsten+22),19.5,0.39000000000000057,False,10.7,11.91
dw1049p1233,NGC3379,ELVES (Carlsten+22),19.09,0.620000000000001,False,10.7,11.48
UGC5944,NGC3379,ELVES (Carlsten+22),14.94,0.6099999999999994,False,10.7,11.3
dw1050p1213,NGC3379,ELVES (Carlsten+22),20.89,0.4800000000000004,False,10.7,11.19
dw1050p1221,NGC3379,ELVES (Carlsten+22),16.87,0.6099999999999994,False,10.7,10.32
dw1050p1236,NGC3379,ELVES (Carlsten+22),20.2,0.4499999999999993,False,10.7,11.25
NGC3412,NGC3379,ELVES (Carlsten+22),,,False,10.7,
dw1051p1320,NGC3379,ELVES (Carlsten+22),16.27,0.6099999999999994,False,10.7,10.89
dw1051p1250,NGC3379,ELVES (Carlsten+22),16.18,0.5899999999999999,False,10.7,10.34
dw1051p1406,NGC3379,ELVES (Carlsten+22),17.73,0.6000000000000014,False,10.7,
dw1052p1102,NGC3379,ELVES (Carlsten+22),15.85,0.6199999999999992,False,10.7,
dw1104p0004,NGC3521,ELVES (Carlsten+22),20.25,0.5799999999999983,False,11.2,11.68
dw1104p0003,NGC3521,ELVES (Carlsten+22),16.57,0.5399999999999991,False,11.2,10.18
dw1104p0005,NGC3521,ELVES (Carlsten+22),20.67,0.46000000000000085,False,11.2,12.75
dw1105p0006,NGC3521,ELVES (Carlsten+22),16.0,0.5399999999999991,False,11.2,
dw1106m0126,NGC3521,ELVES (Carlsten+22),17.45,0.5500000000000007,False,11.2,11.57
dw1106m0052,NGC3521,ELVES (Carlsten+22),19.03,0.4800000000000004,False,11.2,12.15
dw1107m0038,NGC3521,ELVES (Carlsten+22),21.14,0.5700000000000003,False,11.2,11.49
dw110m0011,NGC3521,ELVES (Carlsten+22),17.62,0.5100000000000016,False,11.2,12.29
dw1109m0016,NGC3521,ELVES (Carlsten+22),18.84,0.6099999999999994,False,11.2,9.91
dw1110p0037,NGC3521,ELVES (Carlsten+22),16.89,0.6099999999999994,False,11.2,11.43
dw1111p0049,NGC3521,ELVES (Carlsten+22),18.83,0.5,False,11.2,10.06
dw1119p5543,NGC3556,ELVES (Carlsten+22),16.18,0.3699999999999992,False,9.55,
NGC3593,NGC3627,ELVES (Carlsten+22),11.17,0.9100000000000001,False,10.5,
dw1114p1238,NGC3627,ELVES (Carlsten+22),17.18,0.3500000000000014,False,10.5,
dw1117p1305,NGC3627,ELVES (Carlsten+22),15.55,0.4800000000000004,False,10.5,
dw1118p1233,NGC3627,ELVES (Carlsten+22),17.07,0.5899999999999999,False,10.5,9.67
dw1118p1348,NGC3627,ELVES (Carlsten+22),18.86,0.46999999999999886,False,10.5,9.86
NGC3623,NGC3627,ELVES (Carlsten+22),,,False,10.5,
dw1119p1419,NGC3627,ELVES (Carlsten+22),16.39,0.4900000000000002,False,10.5,
dw1119p1157,NGC3627,ELVES (Carlsten+22),16.22,0.2699999999999996,False,10.5,
dw1119p1417,NGC3627,ELVES (Carlsten+22),17.12,0.46000000000000085,False,10.5,
dw1119p1404,NGC3627,ELVES (Carlsten+22),16.5,0.5899999999999999,False,10.5,9.48
dw1120p1332,NGC3627,ELVES (Carlsten+22),17.91,0.5100000000000016,False,10.5,11.43
NGC3628,NGC3627,ELVES (Carlsten+22),,,False,10.5,
dw1120p1337,NGC3627,ELVES (Carlsten+22),14.46,0.7200000000000006,False,10.5,
dw1121p1326,NGC3627,ELVES (Carlsten+22),19.43,0.629999999999999,False,10.5,8.69
dw1122p1258,NGC3627,ELVES (Carlsten+22),16.53,0.5,False,10.5,11.66
IC2782,NGC3627,ELVES (Carlsten+22),14.63,0.5900000000000016,False,10.5,10.46
dw1123p1342,NGC3627,ELVES (Carlsten+22),17.55,0.060000000000002274,False,10.5,
IC2787,NGC3627,ELVES (Carlsten+22),14.95,0.5,False,10.5,11.06
IC2791,NGC3627,ELVES (Carlsten+22),16.72,0.379999999999999,False,10.5,9.95
dw1124p1240,NGC3627,ELVES (Carlsten+22),18.23,0.46000000000000085,False,10.5,
NGC4248,NGC4258,ELVES (Carlsten+22),12.68,0.4800000000000004,False,7.2,7.61
LVJ1218+4655,NGC4258,ELVES (Carlsten+22),16.49,0.1999999999999993,False,7.2,7.43
dw1219p4743,NGC4258,ELVES (Carlsten+22),18.16,0.379999999999999,False,7.2,7.55
UGC7356,NGC4258,ELVES (Carlsten+22),15.28,0.5099999999999998,False,7.2,6.29
dw1220p4729,NGC4258,ELVES (Carlsten+22),20.41,0.26000000000000156,False,7.2,9.25
dw1220p4649,NGC4258,ELVES (Carlsten+22),18.9,0.46999999999999886,False,7.2,7.95
dw1223p4739,NGC4258,ELVES (Carlsten+22),18.12,0.4299999999999997,False,7.2,7.41
dw1227p0136,NGC4517,ELVES (Carlsten+22),15.72,0.08999999999999986,False,8.34,
dw1231p0140,NGC4517,ELVES (Carlsten+22),15.53,0.34999999999999964,False,8.34,8.49
dw1232p0015,NGC4517,ELVES (Carlsten+22),17.51,0.5800000000000018,False,8.34,9.56
dw1236m0025,NGC4517,ELVES (Carlsten+22),18.68,0.21999999999999886,False,8.34,9.38
dw1238p0028,NGC4517,ELVES (Carlsten+22),19.7,0.5199999999999996,False,8.34,9.21
dw1238m0035,NGC4517,ELVES (Carlsten+22),19.2,0.46000000000000085,False,8.34,9.2
dw1238m0105,NGC4517,ELVES (Carlsten+22),20.42,0.43000000000000327,False,8.34,7.27
dw1239m0039,NGC4517,ELVES (Carlsten+22),16.88,0.3099999999999987,False,8.34,8.34
NGC4592,NGC4517,ELVES (Carlsten+22),12.04,0.379999999999999,False,8.34,
dw1234p2531,NGC4565,ELVES (Carlsten+22),16.72,0.5399999999999991,False,11.9,11.87
NGC4562,NGC4565,ELVES (Carlsten+22),13.51,0.4599999999999991,False,11.9,
IC3571,NGC4565,ELVES (Carlsten+22),16.58,0.1599999999999966,False,11.9,
dw1237p2602,NGC4565,ELVES (Carlsten+22),18.04,0.39000000000000057,False,11.9,10.97
dw1237m1125,M104,ELVES (Carlsten+22),18.32,0.5111111111111111,True,9.55,7.51
dw1239m1159,M104,ELVES (Carlsten+22),19.14,0.3346405228758173,True,9.55,11.33
dw1239m1143,M104,ELVES (Carlsten+22),16.46,0.537254901960785,True,9.55,9.39
dw1239m1113,M104,ELVES (Carlsten+22),18.3,0.5633986928104587,True,9.55,7.87
dw1239m1120,M104,ELVES (Carlsten+22),19.47,0.3934640522875819,True,9.55,9.71
dw1239m1144,M104,ELVES (Carlsten+22),17.31,0.4588235294117635,True,9.55,9.0
dw1240m1118,M104,ELVES (Carlsten+22),15.95,0.5568627450980382,True,9.55,8.79
dw1240m1140,M104,ELVES (Carlsten+22),18.34,0.5895424836601314,True,9.55,4.25
dw1241m1131,M104,ELVES (Carlsten+22),19.81,0.4457516339869272,True,9.55,7.25
dw1241m1153,M104,ELVES (Carlsten+22),18.33,0.49150326797385546,True,9.55,11.19
dw1241m1155,M104,ELVES (Carlsten+22),17.5,0.5307189542483668,True,9.55,9.02
dw1236p3336,NGC4631,ELVES (Carlsten+22),16.67,0.25,False,7.4,
dw1239p3230,NGC4631,ELVES (Carlsten+22),18.27,0.3200000000000003,False,7.4,7.32
dw1239p3251,NGC4631,ELVES (Carlsten+22),20.25,0.5,False,7.4,5.93
dw1240p3216,NGC4631,ELVES (Carlsten+22),18.98,0.490000000000002,False,7.4,6.68
dw1240p3247,NGC4631,ELVES (Carlsten+22),16.32,0.6099999999999994,False,7.4,7.11
dw1241p3251,NGC4631,ELVES (Carlsten+22),15.71,0.14000000000000057,False,7.4,6.21
NGC4627,NGC4631,ELVES (Carlsten+22),12.86,0.35999999999999943,False,7.4,
dw1242p3237,NGC4631,ELVES (Carlsten+22),19.16,0.3000000000000007,False,7.4,7.18
dw1242p3158,NGC4631,ELVES (Carlsten+22),19.2,0.48999999999999844,False,7.4,7.06
dw1243p3228,NGC4631,ELVES (Carlsten+22),16.75,0.4400000000000013,False,7.4,8.07
NGC4656,NGC4631,ELVES (Carlsten+22),,,False,7.4,
dw1248p3158,NGC4631,ELVES (Carlsten+22),17.13,0.4299999999999997,False,7.4,7.55
dw1231p4205,NGC4736,ELVES (Carlsten+22),17.58,0.2799999999999976,False,4.2,
IC3687,NGC4736,ELVES (Carlsten+22),13.29,0.28999999999999915,False,4.2,
dw1243p4127,NGC4736,ELVES (Carlsten+22),16.33,0.35999999999999766,False,4.2,
dw1243p4339,NGC4736,ELVES (Carlsten+22),16.96,0.38000000000000256,False,4.2,
dw1249p4421,NGC4736,ELVES (Carlsten+22),16.9,0.23999999999999844,False,4.2,
dw1251p4138,NGC4736,ELVES (Carlsten+22),18.45,0.4800000000000004,False,4.2,
dw1255p4035,NGC4736,ELVES (Carlsten+22),18.79,0.6999999999999993,False,4.2,
UGC7929,NGC4826,ELVES (Carlsten+22),15.93,0.4499999999999993,False,5.3,
IC3840,NGC4826,ELVES (Carlsten+22),15.87,0.1999999999999993,False,5.3,
dw1252p2215,NGC4826,ELVES (Carlsten+22),19.86,0.5300000000000011,False,5.3,5.42
dw1255p1912,NGC4826,ELVES (Carlsten+22),16.0,0.07000000000000028,False,5.3,
dw1258p2329,NGC4826,ELVES (Carlsten+22),19.14,0.46000000000000085,False,5.3,6.08
dw1300p1843,NGC4826,ELVES (Carlsten+22),17.89,0.620000000000001,False,5.3,3.38
IC4107,NGC4826,ELVES (Carlsten+22),16.26,0.5200000000000014,False,5.3,4.63
dw1310p4153,NGC5055,ELVES (Carlsten+22),19.12,0.5600000000000023,False,8.87,7.38
dw1312p4158,NGC5055,ELVES (Carlsten+22),19.62,0.5400000000000027,False,8.87,9.26
dw1312p4032,NGC5055,ELVES (Carlsten+22),14.46,0.33000000000000007,False,8.87,
UGCA337,NGC5055,ELVES (Carlsten+22),15.25,0.6099999999999994,False,8.87,7.58
dw1313p4202,NGC5055,ELVES (Carlsten+22),17.99,0.5399999999999991,False,8.87,8.78
UGC8313,NGC5055,ELVES (Carlsten+22),14.12,0.4499999999999993,False,8.87,8.77
dw1315p4123,NGC5055,ELVES (Carlsten+22),20.71,0.5,False,8.87,8.8
dw1315p4130,NGC5055,ELVES (Carlsten+22),17.67,0.490000000000002,False,8.87,9.65
dw1321p4226,NGC5055,ELVES (Carlsten+22),20.11,0.5500000000000007,False,8.87,7.3
dw1328p4703,NGC5194,ELVES (Carlsten+22),20.38,0.5599999999999987,False,8.58,8.35
NGC5195,NGC5194,ELVES (Carlsten+22),,,False,8.58,
dw1330p4731,NGC5194,ELVES (Carlsten+22),20.54,0.35999999999999943,False,8.58,11.49
dw1350p5441,NGC5457,ELVES (Carlsten+22),17.2,0.4299999999999997,False,6.5,6.27
UGC8837,NGC5457,ELVES (Carlsten+22),13.26,0.40000000000000036,False,6.5,
UGC8882,NGC5457,ELVES (Carlsten+22),14.96,0.5045751633986929,True,6.5,6.95
dw1403p5337,NGC5457,ELVES (Carlsten+22),18.15,0.288888888888889,True,6.5,7.58
dw1403p5356,NGC5457,ELVES (Carlsten+22),18.92,0.5503267973856224,True,6.5,6.02
NGC5474,NGC5457,ELVES (Carlsten+22),11.18,0.4900000000000002,False,6.5,
NGC5477,NGC5457,ELVES (Carlsten+22),13.86,0.28999999999999915,False,6.5,
dw1406p5344,NGC5457,ELVES (Carlsten+22),19.36,0.5307189542483668,True,6.5,6.17
dw1408p5419,NGC5457,ELVES (Carlsten+22),19.37,0.30849673202614464,True,6.5,7.49
dw1905m6316,NGC6744,ELVES (Carlsten+22),18.32,0.5045751633986941,True,8.95,7.61
dw1906m6357,NGC6744,ELVES (Carlsten+22),16.43,0.5111111111111111,True,8.95,7.31
dw1907m6342,NGC6744,ELVES (Carlsten+22),17.88,0.4261437908496715,True,8.95,7.99
dw1908m6343,NGC6744,ELVES (Carlsten+22),14.55,0.2431372549019607,True,8.95,5.33
dw1911m6413,NGC6744,ELVES (Carlsten+22),14.41,0.32810457516339914,True,8.95,
dw1245p6158,NGC 4605,ELVES-Dwarf (Li+25),18.08,0.61,False,5.55,4.72
dw1246p5136,NGC 4707,ELVES-Dwarf (Li+25),13.49,0.26,False,6.52,7.04
dw1250p5056,NGC 4707,ELVES-Dwarf (Li+25),18.88,0.18,False,6.52,7.81
dw1008p7038b,UGC05423,ELVES-Dwarf (Li+25),17.78,0.33,False,8.87,10.63
dw1009p7032,UGC05423,ELVES-Dwarf (Li+25),17.93,0.32,False,8.87,9.13
dw0741p4005,DDO046,ELVES-Dwarf (Li+25),18.46,0.17,False,10.38,10.28
